id,date
246770863,2018-03-26
248011183,2018-03-30
248833758,2018-04-01
251489252,2018-04-08
253710522,2018-04-15
258376221,2018-04-29
261306801,2018-05-06
264186557,2018-05-13
266424585,2018-05-20
268829339,2018-05-26
269372069,2018-05-27
272800585,2018-06-04
287344980,2018-07-08
291721087,2018-07-16
294496987,2018-07-22
298172552,2018-07-29
302279644,2018-08-05
1191,2009-03-30
306216633,2018-08-12
310106945,2018-08-19
313259416,2018-08-25
317351134,2018-09-02
323303565,2018-09-15
327084766,2018-09-23
330283268,2018-09-30
334510450,2018-10-09
344207627,2018-11-03
347457927,2018-11-11
1771,2009-04-24
1989,2009-05-03
2797,2009-05-18
3151,2009-05-25
4748,2009-06-29
352305493,2018-11-25
5202,2009-07-07
9131,2009-09-06
356877039,2018-12-09
363612175,2018-12-29
12103,2009-10-01
16196,2009-11-04
18095,2009-11-23
18286,2009-11-25
24925,2010-01-27
31154,2010-03-24
35916,2010-04-16
36774,2010-04-19
39856,2010-05-03
45708,2010-05-24
48766,2010-06-01
54108,2010-06-17
54654,2010-06-19
58048,2010-06-27
62552,2010-07-08
73222,2010-08-03
74084,2010-08-05
87063,2010-08-30
91025,2010-09-06
94243,2010-09-10
97728,2010-09-15
105516,2010-09-26
112271,2010-10-05
114145,2010-10-08
117153,2010-10-12
126525,2010-10-25
140762,2010-11-17
143537,2010-11-23
161816,2011-01-01
194298,2011-03-07
539256,2011-09-17
546627,2011-09-19
844859,2012-01-06
1183915,2012-04-26
1208278,2012-05-01
1263127,2012-05-11
2316666,2012-09-17
3474770,2013-02-04
4073594,2013-04-08
4243623,2013-04-22
5655711,2013-07-10
6156753,2013-08-01
6237561,2013-08-05
6365929,2013-08-10
8808875,2013-11-18
9364999,2013-12-24
12945574,2014-05-15
14388551,2014-06-18
364805812,2018-12-31
403074227,2019-01-20
410520878,2019-02-10
413257031,2019-02-17
419089773,2019-03-03
421933222,2019-03-10
424693888,2019-03-17
427782584,2019-03-24
430928398,2019-03-31
433993759,2019-04-07
437163647,2019-04-14
440814076,2019-04-21
444558935,2019-04-28
448293963,2019-05-05
451807437,2019-05-12
454925412,2019-05-19
14732237,2014-06-25
14830834,2014-06-27
17466669,2014-08-12
19264865,2014-09-09
24161015,2014-12-21
25113634,2015-01-06
27924775,2015-03-15
458649850,2019-05-26
32963316,2015-05-24
33666474,2015-05-31
196836,2011-03-11
214718,2011-04-01
232163,2011-04-19
260298,2011-05-12
314616,2011-06-14
330647,2011-06-23
341388,2011-06-28
359800,2011-07-08
369637,2011-07-12
510827,2011-09-07
515199,2011-09-09
542894,2011-09-18
554817,2011-09-21
698543,2011-11-07
825414,2012-01-02
1084419,2012-04-04
1194128,2012-04-28
1437274,2012-06-08
462600317,2019-06-02
1475433,2012-06-13
1540158,2012-06-23
1594647,2012-06-30
34205433,2015-06-06
34698829,2015-06-11
59915091,2016-01-17
61690820,2016-02-07
66064535,2016-03-19
66419186,2016-03-22
66982586,2016-03-26
68113347,2016-04-02
69950616,2016-04-15
71552655,2016-04-26
74789663,2016-05-16
77795053,2016-06-03
78223177,2016-06-05
78884589,2016-06-09
80071654,2016-06-16
82237762,2016-06-26
90629953,2016-08-01
92475815,2016-08-08
98238035,2016-08-30
100009623,2016-09-06
100907323,2016-09-11
104027084,2016-09-25
108155036,2016-10-14
110048969,2016-10-24
114045923,2016-11-15
115139836,2016-11-22
116194630,2016-11-28
117193805,2016-12-05
126956462,2017-01-15
130776231,2017-02-08
131027583,2017-02-10
139022268,2017-03-23
143280485,2017-04-11
149427026,2017-05-04
152094808,2017-05-14
152941836,2017-05-19
157903449,2017-06-05
158720248,2017-06-08
160955017,2017-06-16
175260574,2017-07-28
176885432,2017-08-01
178619278,2017-08-06
179730630,2017-08-08
182176614,2017-08-14
183338325,2017-08-17
184324775,2017-08-19
188412368,2017-08-29
191612935,2017-09-08
193892774,2017-09-15
194463158,2017-09-17
196820701,2017-09-24
198927207,2017-10-01
200640180,2017-10-06
202672245,2017-10-12
465252579,2019-06-07
482384186,2019-07-06
204920031,2017-10-20
206591174,2017-10-26
208409267,2017-11-01
209491139,2017-11-05
210407771,2017-11-09
212501559,2017-11-18
214255234,2017-11-25
215003970,2017-11-27
215913995,2017-12-02
218150637,2017-12-11
219269947,2017-12-17
492261020,2019-07-21
497270885,2019-07-28
502144162,2019-08-04
506246146,2019-08-10
220047290,2017-12-20
224535140,2018-01-03
225324493,2018-01-06
227206297,2018-01-14
233374278,2018-02-09
238178909,2018-02-25
240828688,2018-03-06
241673491,2018-03-10
255015879,2018-04-19
261807149,2018-05-07
263585998,2018-05-12
267073949,2018-05-21
278516421,2018-06-18
280016584,2018-06-22
282113998,2018-06-26
283545132,2018-06-30
284865496,2018-07-02
285577443,2018-07-04
292103018,2018-07-17
1872771,2012-08-02
2281683,2012-09-14
3657240,2013-02-28
3956289,2013-03-30
4344658,2013-04-29
4524630,2013-05-10
4569852,2013-05-13
4928557,2013-06-02
5120220,2013-06-13
5282066,2013-06-22
512122916,2019-08-18
517225895,2019-08-25
525676561,2019-09-08
529768956,2019-09-15
537792397,2019-09-29
297084168,2018-07-27
299052184,2018-07-30
300426453,2018-08-02
308373307,2018-08-16
317018101,2018-09-01
318047191,2018-09-03
319836298,2018-09-07
324929219,2018-09-18
541553866,2019-10-05
325890131,2018-09-21
6798865,2013-08-25
7712133,2013-09-30
9600146,2014-01-03
11310196,2014-03-29
11753031,2014-04-14
12789427,2014-05-11
12934868,2014-05-14
13041264,2014-05-18
14452516,2014-06-19
14614776,2014-06-23
15194300,2014-07-04
15331290,2014-07-07
15577744,2014-07-12
15958467,2014-07-19
16263344,2014-07-24
16408539,2014-07-27
16984035,2014-08-05
18056471,2014-08-21
19039663,2014-09-05
20096728,2014-09-23
20302184,2014-09-27
20503978,2014-09-30
20832438,2014-10-06
21059309,2014-10-10
21292853,2014-10-14
21480086,2014-10-18
21664685,2014-10-21
21787755,2014-10-24
22033157,2014-10-28
23174233,2014-11-24
24206321,2014-12-22
24688179,2015-01-01
25046545,2015-01-05
25881134,2015-01-28
26566187,2015-02-15
26748548,2015-02-18
27163384,2015-02-27
28343101,2015-03-22
28540642,2015-03-25
29497034,2015-04-08
328062073,2018-09-25
335477637,2018-10-12
337037790,2018-10-15
338295279,2018-10-19
339173220,2018-10-21
340789585,2018-10-25
354691031,2018-12-02
359030150,2018-12-16
400823280,2019-01-13
406392099,2019-01-29
408402525,2019-02-04
409596754,2019-02-08
424244569,2019-03-16
425432336,2019-03-18
546086580,2019-10-13
551464464,2019-10-20
561853945,2019-11-10
568275318,2019-11-24
574438743,2019-12-08
576020525,2019-12-12
605761784,2020-02-15
485251919644559170,2021-10-31
581649190131058914,2022-03-13
591843542858340213,2022-03-27
596931952510646579,2022-04-03
601985193818806286,2022-04-10
607010741708986691,2022-04-17
612057092242114986,2022-04-24
617175829132106092,2022-05-01
622246931681814440,2022-05-08
632336750664466371,2022-05-22
637508168199989311,2022-05-29
476533165,2019-06-26
429571438,2019-03-28
433389405,2019-04-06
435318784,2019-04-10
438677356,2019-04-17
459979840,2019-05-28
461343513,2019-05-31
466348245,2019-06-09
467976677,2019-06-11
469692519,2019-06-15
477302241,2019-06-28
478755768,2019-06-30
480296959,2019-07-02
29830072,2015-04-13
30198874,2015-04-19
30611693,2015-04-25
30948507,2015-04-29
31145573,2015-05-02
31590351,2015-05-07
31887345,2015-05-11
32791954,2015-05-21
33353330,2015-05-27
33581423,2015-05-30
33984656,2015-06-03
34529146,2015-06-09
35099940,2015-06-15
35452857,2015-06-19
35788397,2015-06-22
38133051,2015-07-13
38493072,2015-07-16
40093760,2015-07-28
40592719,2015-08-01
487636209,2019-07-14
494382857,2019-07-24
42521115,2015-08-14
43363114,2015-08-19
44778969,2015-08-29
45471019,2015-09-03
46271841,2015-09-09
481566633,2019-07-05
495470250,2019-07-26
504112067,2019-08-07
508093900,2019-08-12
484122355,2019-07-08
488605096,2019-07-15
490300342,2019-07-18
499945058,2019-08-01
47034916,2015-09-15
47787844,2015-09-21
50015653,2015-10-08
50743130,2015-10-14
51424227,2015-10-20
52272221,2015-10-27
52624992,2015-10-31
53003322,2015-11-03
53269669,2015-11-07
56753232,2015-12-17
58974794,2016-01-05
64167830,2016-02-29
64903744,2016-03-08
65575155,2016-03-15
510505836,2019-08-16
515528802,2019-08-23
518110483,2019-08-26
524099080,2019-09-05
527130966,2019-09-10
530794995,2019-09-16
532684554,2019-09-20
533772388,2019-09-22
543772986,2019-10-08
67608472,2016-03-30
68439590,2016-04-05
69227927,2016-04-10
522431113,2019-09-02
527932521,2019-09-12
533158086,2019-09-21
540331328,2019-10-03
542347939,2019-10-06
545378422,2019-10-12
547508672,2019-10-15
553873633,2019-10-25
559610210,2019-11-04
565087317,2019-11-17
567359436,2019-11-22
571517150,2019-12-01
577330697,2019-12-15
581224325,2019-12-24
594869503,2020-01-19
611807921,2020-02-28
663542619,2020-09-13
754594039,2021-05-03
758656033,2021-05-16
762088166,2021-05-24
388907855022994456,2021-06-20
393971100606709315,2021-06-27
409201034529372704,2021-07-18
413482350043782022,2021-07-24
453381984996025923,2021-09-17
466481820450337305,2021-10-05
472955996480447409,2021-10-14
475165776644535645,2021-10-17
477267486341912578,2021-10-20
481663011785144186,2021-10-26
483081222452102313,2021-10-28
485974119171826347,2021-11-01
488961640843446006,2021-11-05
491127545502505608,2021-11-08
498362062930223848,2021-11-18
505622367968934484,2021-11-28
508508204969470177,2021-12-02
510641164393143830,2021-12-05
536076389514306491,2022-01-09
551312056328477791,2022-01-30
556267349852471820,2022-02-06
561393004549182160,2022-02-13
566455696167185479,2022-02-20
568651271989276370,2022-02-23
572324436790347645,2022-02-28
575193493314631354,2022-03-04
576672530193356646,2022-03-06
578061042012851317,2022-03-08
580971660038298771,2022-03-12
585337586700224073,2022-03-18
586809205561719070,2022-03-20
589671271732664104,2022-03-24
594683673343637586,2022-03-31
605614295186521410,2022-04-15
610618123897019888,2022-04-22
612884915400128751,2022-04-25
615706494694970035,2022-04-29
624414532125282107,2022-05-11
625913817119543134,2022-05-13
627375966082822374,2022-05-15
629534364277101058,2022-05-18
635330959929372986,2022-05-26
549924240,2019-10-18
552314068,2019-10-21
556355371,2019-10-29
561338867,2019-11-09
566692468,2019-11-20
523855,2011-09-12
71074323,2016-04-23
71726710,2016-04-28
73957585,2016-05-11
75563796,2016-05-22
76210398,2016-05-25
77898618,2016-06-04
78717597,2016-06-08
79393003,2016-06-12
80013047,2016-06-15
83376086,2016-07-02
83753067,2016-07-04
88604811,2016-07-25
89679184,2016-07-29
93329396,2016-08-12
94345094,2016-08-15
567714158,2019-11-23
572202701,2019-12-02
579678273,2019-12-21
584625838,2019-12-30
586878670,2020-01-02
588269728,2020-01-04
603539986,2020-02-09
607027388,2020-02-17
609762262,2020-02-23
617254382,2020-03-12
628471273,2020-06-08
98771062,2016-09-01
100206473,2016-09-08
629511223,2020-06-14
630706234,2020-06-20
631776960,2020-06-24
633996102,2020-07-02
637124689,2020-07-12
640994232,2020-07-22
101164053,2016-09-12
102834828,2016-09-19
103691538,2016-09-23
104385471,2016-09-26
106801753,2016-10-08
107626819,2016-10-11
108003325,2016-10-13
551278,2011-09-20
559376,2011-09-23
643161379,2020-07-27
646165084,2020-08-03
647283789,2020-08-06
648043894,2020-08-08
649334536,2020-08-10
650929680,2020-08-14
653419986,2020-08-19
670434355,2020-10-03
728335501,2021-02-01
734455177,2021-02-26
735651291,2021-03-01
738897199,2021-03-14
745917284,2021-04-05
750722665,2021-04-21
389630721536257745,2021-06-21
392439520272474212,2021-06-25
394667814668404066,2021-06-28
399029981790722227,2021-07-04
404758459218408496,2021-07-12
618311,2011-10-11
633302,2011-10-16
637475,2011-10-17
644965,2011-10-19
108751543,2016-10-17
111903584,2016-11-02
112698523,2016-11-07
113850246,2016-11-14
115891219,2016-11-27
116967809,2016-12-04
125122782,2017-01-04
133044765,2017-02-20
133899987,2017-02-25
134619590,2017-02-28
135250541,2017-03-04
137042853,2017-03-13
140174246,2017-03-28
142774264,2017-04-09
146461106,2017-04-23
149245078,2017-05-03
152548893,2017-05-17
412106479117568141,2021-07-22
153178657,2017-05-20
154152601,2017-05-23
158529822,2017-06-07
162082426,2017-06-19
164430072,2017-06-27
165201240,2017-06-30
174223009,2017-07-25
175990635,2017-07-30
180017980,2017-08-09
189551597,2017-09-02
193140695,2017-09-12
196217732,2017-09-22
197374091,2017-09-25
199899348,2017-10-03
200953109,2017-10-07
202402676,2017-10-11
653728,2011-10-22
657925,2011-10-24
679882,2011-11-01
715708,2011-11-14
753356,2011-11-29
764617,2011-12-05
770374,2011-12-07
779064,2011-12-12
791456,2011-12-18
797972,2011-12-21
414250239811516189,2021-07-25
419284125263642787,2021-08-01
430130937737198109,2021-08-16
434556960695101913,2021-08-22
438201405097964103,2021-08-27
465704121336520686,2021-10-04
490400726209516849,2021-11-07
492543058946328184,2021-11-10
495405539895110993,2021-11-14
500512342587958281,2021-11-21
509886664776922215,2021-12-04
520092599281833903,2021-12-18
533879833439018182,2022-01-06
567165988241695758,2022-02-21
591094475392293155,2022-03-26
837118,2012-01-04
850157,2012-01-08
203945322,2017-10-16
207127426,2017-10-28
231218944,2018-01-31
242565939,2018-03-12
246324313,2018-03-25
250821352,2018-04-06
251262997,2018-04-07
256699469,2018-04-23
599723705087288293,2022-04-07
604095297781081946,2022-04-13
607725873878171478,2022-04-18
617901320990966674,2022-05-02
620775219063264174,2022-05-06
636039950157892040,2022-05-27
640337833886161436,2022-06-02
257476898,2018-04-26
260490702,2018-05-04
268543546,2018-05-25
269827240,2018-05-28
272089484,2018-06-03
280889700,2018-06-24
282839010,2018-06-28
284153720,2018-07-01
294024437,2018-07-21
306887941,2018-08-13
314002828,2018-08-26
318648014,2018-09-04
320173510,2018-09-08
327613019,2018-09-24
330818922,2018-10-01
334115781,2018-10-08
338700918,2018-10-20
342656866,2018-10-29
347940832,2018-11-12
353508627,2018-11-28
364132623,2018-12-30
366076897,2019-01-02
431984186,2019-04-02
452549767,2019-05-13
455840666,2019-05-20
457397298,2019-05-24
471406772,2019-06-17
474577537,2019-06-23
486731147,2019-07-13
489093562,2019-07-16
864852,2012-01-16
943066,2012-02-23
952758,2012-02-27
975353,2012-03-06
989987,2012-03-12
1002917,2012-03-15
1020955,2012-03-19
1034162,2012-03-23
1039854,2012-03-25
1058620,2012-03-29
1066757,2012-04-01
1108249,2012-04-11
1161902,2012-04-22
1175146,2012-04-24
1195929,2012-04-29
1274721,2012-05-14
1294485,2012-05-17
497997495,2019-07-29
503031131,2019-08-05
519210563,2019-08-28
523206914,2019-09-03
531398377,2019-09-17
415645944,2019-02-23
540841317,2019-10-04
546829261,2019-10-14
553400085,2019-10-24
561003838,2019-11-08
567000584,2019-11-21
605289892,2020-02-14
404086038060079104,2021-07-11
418594598995475946,2021-07-31
475808239424397472,2021-10-18
578749794879209568,2022-03-09
603350911336563107,2022-04-12
615059743687323146,2022-04-28
622998601148811894,2022-05-09
628716575389051673,2022-05-17
639645935078208209,2022-06-01
1354706,2012-05-27
1370016,2012-05-29
426224745,2019-03-20
428554518,2019-03-25
432869559,2019-04-05
435664774,2019-04-11
441764951,2019-04-22
444127572,2019-04-27
450783106,2019-05-10
457074591,2019-05-23
459364950,2019-05-27
470644044,2019-06-16
472725263,2019-06-20
475412932,2019-06-24
480592421,2019-07-03
485757889,2019-07-11
489778508,2019-07-17
1454025,2012-06-11
1488991,2012-06-16
1521539,2012-06-20
28186,2010-03-02
525136907,2019-09-07
531691737,2019-09-18
539934745,2019-10-02
555848695,2019-10-28
558636684,2019-11-03
562612502,2019-11-11
575108577,2019-12-09
580136314,2019-12-22
583925245,2019-12-29
590019179,2020-01-07
604440923,2020-02-11
606385570,2020-02-16
608697540,2020-02-21
615508030,2020-03-08
625392112,2020-05-20
636114409,2020-07-09
708657510,2020-11-14
737011653,2021-03-07
757678302,2021-05-13
769653535,2021-06-13
397607326057529221,2021-07-02
438823810139283016,2021-08-28
449053361589170251,2021-09-11
59572,2010-07-01
1681430,2012-07-11
1695023,2012-07-13
1758923,2012-07-21
1775015,2012-07-23
567870059789862582,2022-02-22
571585658407749069,2022-02-27
586090386211109047,2022-03-19
469271645,2019-06-14
1797084,2012-07-25
1883299,2012-08-04
1937874,2012-08-10
1991395,2012-08-15
2051564,2012-08-21
2169454,2012-09-02
2204439,2012-09-05
2271094,2012-09-12
2370895,2012-09-22
2405172,2012-09-25
2443762,2012-09-29
2466929,2012-10-01
2520114,2012-10-06
2569806,2012-10-10
2589818,2012-10-12
2613201,2012-10-15
2647616,2012-10-18
2720278,2012-10-26
2747314,2012-10-29
3568844,2013-02-18
9889567,2014-01-17
15747292,2014-07-15
19764926,2014-09-17
21003565,2014-10-09
22435251,2014-11-06
23214498,2014-11-25
24494592,2014-12-29
24964784,2015-01-04
25266085,2015-01-11
25382686,2015-01-14
25593387,2015-01-20
26335529,2015-02-09
26632591,2015-02-16
26794841,2015-02-19
27398306,2015-03-03
27802184,2015-03-12
27850829,2015-03-13
28166372,2015-03-19
28396007,2015-03-23
28561822,2015-03-26
29609526,2015-04-10
30357614,2015-04-20
30387835,2015-04-21
31770637,2015-05-10
32061758,2015-05-13
32117388,2015-05-14
33512780,2015-05-29
33968757,2015-06-02
35214855,2015-06-16
35554468,2015-06-20
36022306,2015-06-24
36269703,2015-06-27
36668541,2015-06-30
37141915,2015-07-05
37464943,2015-07-07
37649849,2015-07-09
38258194,2015-07-14
38833169,2015-07-19
39291352,2015-07-22
39612572,2015-07-25
39926678,2015-07-27
41066184,2015-08-04
41364608,2015-08-07
41752749,2015-08-09
42707978,2015-08-15
44316495,2015-08-25
45102126,2015-08-31
45953666,2015-09-07
48163897,2015-09-24
49598551,2015-10-05
49907901,2015-10-07
50165898,2015-10-10
50627859,2015-10-13
51718232,2015-10-24
52062418,2015-10-26
52321993,2015-10-28
52421511,2015-10-29
53463432,2015-11-09
53961073,2015-11-15
54788311,2015-11-23
472163729,2019-06-19
54988317,2015-11-27
55394687,2015-12-01
55942223,2015-12-07
56236513,2015-12-11
56483271,2015-12-14
491422605,2019-07-20
493163544,2019-07-22
511108025,2019-08-17
520850453,2019-08-31
535418392,2019-09-24
536705922,2019-09-27
548279350,2019-10-17
554360696,2019-10-26
628743831,2020-06-10
640360489,2020-07-20
642640577,2020-07-26
666685443,2020-09-21
712587435,2020-11-30
735153829,2021-02-28
764635213,2021-05-31
480902007660664193,2021-10-25
592582327051413251,2022-03-28
651866255,2020-08-16
59278562,2016-01-09
59573618,2016-01-12
59704008,2016-01-14
60004137,2016-01-18
60765659,2016-01-27
60912667,2016-01-29
61168054,2016-02-01
61375350,2016-02-03
61439175,2016-02-04
61799938,2016-02-08
62073062,2016-02-11
62817986,2016-02-17
63077213,2016-02-20
63715340,2016-02-26
65152845,2016-03-11
65811006,2016-03-17
68969403,2016-04-08
70766106,2016-04-20
72804162,2016-05-04
75050196,2016-05-18
76579129,2016-05-28
2822493,2012-11-07
2950603,2012-11-24
3020541,2012-12-03
3059472,2012-12-11
3102725,2012-12-17
3131283,2012-12-21
3288901,2013-01-06
3395014,2013-01-22
3421224,2013-01-27
3444962,2013-01-30
3459976,2013-02-02
3499074,2013-02-08
655242985,2020-08-23
81080380,2016-06-20
81709189,2016-06-24
84615779,2016-07-08
86059225,2016-07-14
87043602,2016-07-18
89384339,2016-07-28
89839520,2016-07-30
96701418,2016-08-24
99456743,2016-09-04
100671263,2016-09-10
105228350,2016-09-30
106248873,2016-10-05
108465506,2016-10-16
109101247,2016-10-19
109701581,2016-10-23
110252787,2016-10-25
658160372,2020-08-30
427225620634292467,2021-08-12
437477377433041408,2021-08-26
439546301368614631,2021-08-29
449733753629488690,2021-09-12
470067767575127317,2021-10-10
487446058395914754,2021-11-03
621491398483003882,2022-05-07
110400688,2016-10-26
110868013,2016-10-29
112114551,2016-11-04
113102152,2016-11-10
113642504,2016-11-13
114264084,2016-11-17
115018004,2016-11-21
116422989,2016-11-30
120276248,2016-12-09
120871044,2016-12-12
121103968,2016-12-14
121463757,2016-12-17
121987747,2016-12-20
122249244,2016-12-22
122535145,2016-12-24
123027078,2016-12-27
124178551,2017-01-01
126584175,2017-01-13
127157847,2017-01-16
127527211,2017-01-19
128383991,2017-01-24
128483389,2017-01-25
129678677,2017-02-01
129761437,2017-02-02
130258206,2017-02-05
130664420,2017-02-07
132175237,2017-02-16
135929612,2017-03-07
136052901,2017-03-08
138507616,2017-03-20
138923553,2017-03-22
139970587,2017-03-27
142045507,2017-04-06
143997456,2017-04-14
147693131,2017-04-28
152115068,2017-05-15
155424541,2017-05-28
156384750,2017-05-30
161206286,2017-06-17
164858317,2017-06-29
166618423,2017-07-04
167318657,2017-07-06
168410295,2017-07-09
169867698,2017-07-14
3533195,2013-02-13
3697587,2013-03-05
3748324,2013-03-11
3780376,2013-03-14
3814481,2013-03-18
3938733,2013-03-29
3994806,2013-04-02
4040899,2013-04-05
4155536,2013-04-15
4264774,2013-04-23
4387841,2013-05-02
4414225,2013-05-04
4442708,2013-05-06
4542293,2013-05-12
4595415,2013-05-14
4649539,2013-05-18
4673682,2013-05-20
4724992,2013-05-22
4799251,2013-05-27
4873634,2013-05-30
4960259,2013-06-04
5037849,2013-06-09
5076685,2013-06-11
5156147,2013-06-16
273088920,2018-06-05
310968202,2018-08-20
320866293,2018-09-09
323793949,2018-09-16
179308229,2017-08-07
182694090,2017-08-15
185280258,2017-08-21
188739575,2017-08-30
200113737,2017-10-04
212150092,2017-11-16
344716246,2018-11-04
355182496,2018-12-03
365388891,2019-01-01
216514590,2017-12-04
217698020,2017-12-10
218695630,2017-12-14
218846369,2017-12-15
220226456,2017-12-21
220915949,2017-12-24
5224894,2013-06-19
5288900,2013-06-23
5409418,2013-06-29
5538351,2013-07-05
5578048,2013-07-07
5725935,2013-07-14
5804829,2013-07-17
5961854,2013-07-24
6128009,2013-07-31
6297178,2013-08-07
6342931,2013-08-09
6727042,2013-08-23
406633430,2019-01-30
409316505,2019-02-07
425910031,2019-03-19
431575098,2019-04-01
436080445,2019-04-12
456664124,2019-05-22
461840464,2019-06-01
465760114,2019-06-08
555170029,2019-10-27
619133470,2020-03-16
654154283,2020-08-21
598298878024486034,2022-04-05
608455927701609034,2022-04-19
173965155,2017-07-24
6843954,2013-08-27
6931170,2013-08-31
6979941,2013-09-02
7111158,2013-09-07
7190118,2013-09-10
7235485,2013-09-13
7322079,2013-09-16
7452742,2013-09-21
7638950,2013-09-28
221614213,2017-12-27
222642142,2017-12-30
225125183,2018-01-05
229367413,2018-01-23
229894808,2018-01-26
231424249,2018-02-01
243025476,2018-03-14
255999699,2018-04-22
262201322,2018-05-08
276250906,2018-06-13
277411769,2018-06-16
279229697,2018-06-20
282436304,2018-06-27
283095800,2018-06-29
285968584,2018-07-05
295831260,2018-07-24
296111795,2018-07-25
297770888,2018-07-28
301454074,2018-08-04
303427342,2018-08-07
316312942,2018-08-31
321869916,2018-09-11
325622541,2018-09-20
335078499,2018-10-11
342043344,2018-10-28
343643028,2018-11-01
345546131,2018-11-05
346113600,2018-11-07
7824376,2013-10-05
7911851,2013-10-08
351914553,2018-11-24
353272872,2018-11-27
353942448,2018-11-30
355722087,2018-12-05
355877198,2018-12-06
357437887,2018-12-10
357904868,2018-12-12
361726944,2018-12-24
368123312,2019-01-06
368876324,2019-01-08
400461663,2019-01-12
401606392,2019-01-15
401879981,2019-01-16
406100320,2019-01-28
406917912,2019-01-31
202874742,2017-10-13
408959036,2019-02-06
411379119,2019-02-12
413812169,2019-02-18
416195356,2019-02-24
417742271,2019-02-28
418519744,2019-03-02
419902017,2019-03-05
421321034,2019-03-09
422490117,2019-03-11
423169117,2019-03-13
426479138,2019-03-21
426888239,2019-03-22
432267983,2019-04-03
442764467,2019-04-24
450030208,2019-05-08
452949504,2019-05-14
464215580,2019-06-05
477005457,2019-06-27
479682550,2019-07-01
7989861,2013-10-11
8110223,2013-10-16
8247745,2013-10-22
8486370,2013-11-02
8733326,2013-11-14
8765725,2013-11-17
8928034,2013-11-26
9060455,2013-12-03
205117021,2017-10-21
9131880,2013-12-09
9698635,2014-01-06
9778082,2014-01-09
9851511,2014-01-14
9910975,2014-01-19
10008923,2014-01-25
10175601,2014-02-04
10218075,2014-02-07
10290620,2014-02-11
10417905,2014-02-18
10656387,2014-03-02
10738459,2014-03-05
10900504,2014-03-12
10999124,2014-03-17
509300331,2019-08-14
513275629,2019-08-19
524622510,2019-09-06
538908821,2019-09-30
206207249,2017-10-24
207513718,2017-10-29
209044144,2017-11-04
211585196,2017-11-13
212870346,2017-11-19
215207863,2017-11-28
224809701,2018-01-04
232801027,2018-02-06
240567612,2018-03-05
543165149,2019-10-07
547858921,2019-10-16
569383514,2019-11-26
569957607,2019-11-28
573139318,2019-12-05
575500711,2019-12-10
576402659,2019-12-13
586007675,2020-01-01
589020209,2020-01-05
591079294,2020-01-10
592523203,2020-01-13
593238624,2020-01-15
594294231,2020-01-18
595462709,2020-01-20
597278571,2020-01-25
598456955,2020-01-27
602584379,2020-02-07
607902487,2020-02-19
608250150,2020-02-20
610824552,2020-02-25
612263163,2020-02-29
613503689,2020-03-02
614469991,2020-03-05
616227318,2020-03-09
616957977,2020-03-11
619347319,2020-03-17
620835912,2020-03-25
621004777,2020-03-27
621107727,2020-03-28
621647456,2020-04-03
621910328,2020-04-06
622060524,2020-04-09
11124225,2014-03-22
11529165,2014-04-07
11656224,2014-04-11
11788908,2014-04-15
11913649,2014-04-19
12109151,2014-04-23
12265320,2014-04-28
12531654,2014-05-05
12738972,2014-05-10
12876771,2014-05-13
13180462,2014-05-21
13463978,2014-05-28
13645340,2014-06-02
13870248,2014-06-07
244955899,2018-03-20
247684491,2018-03-29
250155715,2018-04-04
253032992,2018-04-13
255722613,2018-04-21
259042649,2018-04-30
262506327,2018-05-09
267639056,2018-05-22
271030775,2018-05-31
274860302,2018-06-10
278006730,2018-06-17
14110157,2014-06-12
14260986,2014-06-16
14852206,2014-06-28
15128115,2014-07-03
15531704,2014-07-11
16071250,2014-07-22
16665694,2014-07-31
16817974,2014-08-03
17566792,2014-08-14
17741306,2014-08-17
18225539,2014-08-24
18515677,2014-08-28
18978235,2014-09-04
19168853,2014-09-07
19455058,2014-09-13
19919104,2014-09-21
20150129,2014-09-24
851027,2012-01-09
286440978,2018-07-06
2359368,2012-09-21
302740347,2018-08-06
20331043,2014-09-28
20548370,2014-10-01
20736252,2014-10-05
307933167,2018-08-15
3564846,2013-02-17
7509410,2013-09-23
18429729,2014-08-26
315558876,2018-08-29
21191133,2014-10-13
21383984,2014-10-16
21820410,2014-10-25
22293867,2014-11-03
22644210,2014-11-11
22824188,2014-11-16
23007896,2014-11-20
23095364,2014-11-23
23320397,2014-11-29
23544147,2014-12-04
23623034,2014-12-07
24033472,2014-12-17
331620547,2018-10-03
333391418,2018-10-07
339835877,2018-10-22
343935500,2018-11-02
363211369,2018-12-28
24105359,2014-12-20
24220507,2014-12-23
26845784,2015-02-20
27125334,2015-02-26
27255517,2015-03-01
27715712,2015-03-10
29093620,2015-04-04
30440087,2015-04-22
30569863,2015-04-24
31522819,2015-05-06
32448733,2015-05-18
21170224,2014-10-12
21700505,2014-10-22
411988644,2019-02-14
29052619,2015-04-03
37983129,2015-07-12
44043341,2015-08-23
51315747,2015-10-19
54089799,2015-11-16
55187953,2015-11-29
55618833,2015-12-03
56379322,2015-12-13
61930468,2016-02-09
62743088,2016-02-16
63172535,2016-02-21
63552712,2016-02-24
63882257,2016-02-28
64360138,2016-03-03
32698770,2015-05-20
34137815,2015-06-05
420613395,2019-03-07
422859926,2019-03-12
34399115,2015-06-08
35372811,2015-06-18
36080236,2015-06-25
36503156,2015-06-29
36969842,2015-07-03
37333104,2015-07-06
37758043,2015-07-10
38607536,2015-07-17
39011812,2015-07-20
40321739,2015-07-30
64602745,2016-03-06
65104645,2016-03-10
66696135,2016-03-24
68319066,2016-04-04
69887551,2016-04-14
70206062,2016-04-17
70889419,2016-04-21
71228725,2016-04-24
73063579,2016-05-06
73442634,2016-05-08
76459228,2016-05-27
43617368,2015-08-21
45364952,2015-09-02
47342042,2015-09-18
435011364,2019-04-09
443626453,2019-04-26
48262845,2015-09-25
49090371,2015-10-01
50919367,2015-10-16
52674097,2015-11-01
53111909,2015-11-05
53672406,2015-11-11
53874135,2015-11-14
54371142,2015-11-19
77547212,2016-06-01
79856552,2016-06-14
80304443,2016-06-17
82813382,2016-06-29
84072778,2016-07-05
84417722,2016-07-07
86563066,2016-07-17
101953754,2016-09-16
449747219,2019-05-07
102339720,2016-09-17
103159034,2016-09-20
107265622,2016-10-09
109239922,2016-10-20
110671632,2016-10-27
111497157,2016-10-31
112985594,2016-11-09
117284837,2016-12-06
121633805,2016-12-18
125508360,2017-01-06
56110982,2015-12-09
464737072,2019-06-06
473705834,2019-06-22
57215589,2015-12-23
57866420,2015-12-30
127304713,2017-01-17
128875821,2017-01-28
129366623,2017-01-30
131392836,2017-02-12
132013571,2017-02-15
132290180,2017-02-17
505307830,2019-08-09
509992559,2019-08-15
597690913,2020-01-26
612829376,2020-03-01
617569301,2020-03-13
625917593,2020-05-24
626611154,2020-05-29
627767124,2020-06-05
629002755,2020-06-12
631632041,2020-06-23
656343932,2020-08-25
659865132,2020-09-03
664799523,2020-09-16
670887756,2020-10-04
700776401,2020-10-16
133250531,2017-02-21
134118669,2017-02-26
134936629,2017-03-02
135502959,2017-03-05
136730386,2017-03-12
141507197,2017-04-03
144274371,2017-04-15
145210190,2017-04-17
147148151,2017-04-25
151121632,2017-05-11
151499612,2017-05-13
159171773,2017-06-10
162481309,2017-06-21
166303992,2017-07-03
167492836,2017-07-07
169555876,2017-07-13
173472456,2017-07-23
189015986,2017-08-31
59817649,2016-01-16
60314503,2016-01-22
60586975,2016-01-25
705689756,2020-11-01
60834003,2016-01-28
61021306,2016-01-31
61335756,2016-02-02
61477517,2016-02-05
62349653,2016-02-14
63365811,2016-02-22
63834812,2016-02-27
64419097,2016-03-04
67843724,2016-03-31
68863233,2016-04-07
203528914,2017-10-15
211951525,2017-11-15
213647053,2017-11-22
214020127,2017-11-24
214608281,2017-11-26
711788908,2020-11-28
717598852,2020-12-23
724130098,2021-01-14
732531332,2021-02-19
751407506,2021-04-24
215357866,2017-11-29
217241894,2017-12-08
218518557,2017-12-13
219850898,2017-12-19
69411360,2016-04-11
70467061,2016-04-18
752577999,2021-04-27
73161304,2016-05-07
75190370,2016-05-19
753198499,2021-04-30
763313802,2021-05-28
420078015345958386,2021-08-02
428733949258287774,2021-08-14
444668335991812533,2021-09-05
470775748454113240,2021-10-11
504147115040005032,2021-11-26
530265297282414539,2022-01-01
575906175786433652,2022-03-05
609925563854939410,2022-04-21
169420849,2017-07-12
76361113,2016-05-26
77200485,2016-05-30
78388851,2016-06-06
80665167,2016-06-19
81356521,2016-06-22
83607612,2016-07-03
88581786,2016-07-24
91508401,2016-08-05
92715459,2016-08-09
93776024,2016-08-13
94745685,2016-08-16
96154303,2016-08-21
97589511,2016-08-27
226020744,2018-01-08
228141345,2018-01-18
233141231,2018-02-08
234302340,2018-02-12
235291558,2018-02-16
238608485,2018-02-26
239121806,2018-02-28
240094994,2018-03-04
244667410,2018-03-19
245428815,2018-03-22
248256442,2018-03-31
249866624,2018-04-03
257198079,2018-04-25
171644730,2017-07-18
259701109,2018-05-01
264930094,2018-05-15
276548802,2018-06-14
299601766,2018-07-31
300851028,2018-08-03
311809358,2018-08-22
325301526,2018-09-19
328411676,2018-09-26
331324611,2018-10-02
332013670,2018-10-04
337964050,2018-10-18
348823215,2018-11-15
103513921,2016-09-22
110740344,2016-10-28
111757212,2016-11-01
113466486,2016-11-12
115265281,2016-11-23
116499417,2016-12-01
120153593,2016-12-08
186695660,2017-08-25
191157678,2017-09-06
195621696,2017-09-20
201323017,2017-10-08
126076211,2017-01-08
349759831,2018-11-18
207904230,2017-10-30
361336356,2018-12-23
405391518,2019-01-27
414324115,2019-02-19
126373172,2017-01-11
126726862,2017-01-14
127509340,2017-01-18
129505229,2017-01-31
132691273,2017-02-19
133541536,2017-02-23
137249745,2017-03-14
137740497,2017-03-17
247137406,2018-03-27
139723452,2017-03-26
140304088,2017-03-29
142449642,2017-04-08
143683569,2017-04-13
145460069,2017-04-18
146240420,2017-04-22
147856649,2017-04-29
149103610,2017-05-02
150099748,2017-05-07
151264243,2017-05-12
155013336,2017-05-27
157196863,2017-06-03
417190219,2019-02-26
419532528,2019-03-04
423469641,2019-03-14
432571323,2019-04-04
445850760,2019-04-30
447768670,2019-05-04
450324621,2019-05-09
252401939,2018-04-10
254333860,2018-04-16
260000735,2018-05-03
260878677,2018-05-05
264568650,2018-05-14
265251449,2018-05-16
276977817,2018-06-15
289056286,2018-07-11
293296504,2018-07-20
336243704,2018-10-14
404521927,2019-01-24
439177229,2019-04-18
440102265,2019-04-20
446425224,2019-05-01
468746046,2019-06-13
506974241,2019-08-11
449302504,2019-05-06
485194548,2019-07-10
159946669,2017-06-12
160629672,2017-06-15
161499766,2017-06-18
162707757,2017-06-22
164048514,2017-06-26
165839625,2017-07-02
167945673,2017-07-08
168756289,2017-07-10
171243147,2017-07-17
177509775,2017-08-03
585149629,2019-12-31
604097821,2020-02-10
406938775030540754,2021-07-15
417833725032311980,2021-07-30
428068211597281183,2021-08-13
181610583,2017-08-13
182978088,2017-08-16
185593139,2017-08-22
186254903,2017-08-24
189918815,2017-09-03
192202764,2017-09-10
197810842,2017-09-27
202156793,2017-10-10
204217738,2017-10-17
204673739,2017-10-19
205447109,2017-10-22
206830797,2017-10-27
210091230,2017-11-07
211159778,2017-11-12
218338355,2017-12-12
219634409,2017-12-18
226188243,2018-01-09
227800358,2018-01-16
228527006,2018-01-20
230497552,2018-01-28
231876297,2018-02-03
232956496,2018-02-07
233879171,2018-02-11
234837319,2018-02-14
236413169,2018-02-19
237781713,2018-02-24
238848376,2018-02-27
241470573,2018-03-09
243513274,2018-03-16
544815048,2019-10-11
560546567,2019-11-07
570794040,2019-11-30
598890130,2020-01-28
638612794,2020-07-16
642022495,2020-07-25
433753302502604715,2021-08-21
435202514620431494,2021-08-23
486709105647468066,2021-11-02
511406001580854669,2021-12-06
593300441204714422,2022-03-29
595433821493149188,2022-04-01
367665061,2019-01-05
407440108,2019-02-02
508709173,2019-08-13
587517190,2020-01-03
496412945,2019-07-27
82539,2010-08-22
265798781,2018-05-18
268262445,2018-05-24
274153325,2018-06-08
275483065,2018-06-11
288696684,2018-07-10
499284189,2019-07-31
412832433959641947,2021-07-23
423648363029161913,2021-08-07
289490547,2018-07-12
305356033,2018-08-11
307320628,2018-08-14
312255988,2018-08-23
21518912,2014-10-19
46473957,2015-09-11
54468310,2015-11-20
315925512,2018-08-30
324541953,2018-09-17
334863946,2018-10-10
335825980,2018-10-13
340200308,2018-10-23
343083063,2018-10-30
346368949,2018-11-08
351025392,2018-11-21
351509247,2018-11-23
352975084,2018-11-26
638140370678996400,2022-05-30
354269274,2018-12-01
355460863,2018-12-04
356434872,2018-12-08
358372298,2018-12-14
360122478,2018-12-19
404003211,2019-01-22
407809666,2019-02-03
428866923,2019-03-26
434644299,2019-04-08
445401384,2019-04-29
65737689,2016-03-16
67880106,2016-04-01
75506212,2016-05-21
87544124,2016-07-20
89070136,2016-07-26
95445536,2016-08-19
104687833,2016-09-27
114558402,2016-11-19
115497188,2016-11-25
123429532,2016-12-29
124927708,2017-01-03
127670608,2017-01-20
137907457,2017-03-18
140679267,2017-03-31
141061015,2017-04-02
141887567,2017-04-05
143050828,2017-04-10
643594992,2020-07-28
669845360,2020-10-01
716436513,2020-12-19
747740378,2021-04-11
426564091133637978,2021-08-11
432370202975380571,2021-08-19
514326908344495338,2021-12-10
527287743938769518,2021-12-28
530916137940850841,2022-01-02
555543237919998653,2022-02-05
416367005291314241,2021-07-28
146008689,2017-04-21
146912217,2017-04-24
149592126,2017-05-05
150447273,2017-05-08
150954014,2017-05-10
154544404,2017-05-25
156782075,2017-06-01
160399348,2017-06-14
170671996,2017-07-16
171874920,2017-07-19
180283026,2017-08-10
184556670,2017-08-20
186929709,2017-08-26
195354124,2017-09-19
195836082,2017-09-21
453193298,2019-05-15
454491381,2019-05-18
460386358,2019-05-29
468323899,2019-06-12
473109637,2019-06-21
498642719,2019-07-30
500439080,2019-08-02
514566058,2019-08-21
519686784,2019-08-29
526782672,2019-09-09
550626937,2019-10-19
553021120,2019-10-23
576767179,2019-12-14
593536102,2020-01-16
599497508,2020-01-30
601358714,2020-02-03
604953272,2020-02-13
613913923,2020-03-03
616646799,2020-03-10
618463703,2020-03-15
639849551,2020-07-19
644249361,2020-07-30
652695545,2020-08-17
654732428,2020-08-22
666182526,2020-09-20
762486279,2021-05-25
406320525827304948,2021-07-14
415021095233342732,2021-07-26
425104691741873597,2021-08-09
430917998836156989,2021-08-17
431665923234563147,2021-08-18
445457842850938453,2021-09-06
451877316856865095,2021-09-15
478706281714388739,2021-10-22
546218727227843332,2022-01-23
560638565558057348,2022-02-12
606339416886822649,2022-04-16
611411226931469045,2022-04-23
209824033,2017-11-06
216849988,2017-12-06
220357900,2017-12-22
221350486,2017-12-26
221903452,2017-12-28
226968907,2018-01-13
228364752,2018-01-19
228860721,2018-01-21
230180152,2018-01-27
236038673,2018-02-18
236762165,2018-02-20
237273154,2018-02-22
239585405,2018-03-02
240989098,2018-03-07
245983328,2018-03-24
247333285,2018-03-28
249531274,2018-04-02
252577780,2018-04-11
254849852,2018-04-18
255343127,2018-04-20
262860515,2018-05-10
267967850,2018-05-23
450449322573556515,2021-09-13
454117229469809645,2021-09-18
460659820500491315,2021-09-27
464985467195574107,2021-10-03
473677498674449513,2021-10-15
489675773548777627,2021-11-06
493955290281700871,2021-11-12
496193809834136463,2021-11-15
507083042221298499,2021-11-30
516520016639828110,2021-12-13
553448371690655706,2022-02-02
577390711379899610,2022-03-07
588185525393571827,2022-03-22
597563172656751278,2022-04-04
604903968726491518,2022-04-14
609172532098129149,2022-04-20
618679011741578687,2022-05-03
630181546202262249,2022-05-19
633149486232243262,2022-05-23
273710249,2018-06-07
280498109,2018-06-23
290913784,2018-07-15
292528138,2018-07-18
296533007,2018-07-26
314661878,2018-08-27
768014,2011-12-06
1250488,2012-05-08
1502520,2012-06-18
1857528,2012-08-01
1946325,2012-08-11
2385752,2012-09-23
2427317,2012-09-27
2849909,2012-11-10
403353813218125111,2021-07-10
408420725943180734,2021-07-17
554890904939427032,2022-02-04
755276946,2021-05-05
2947514,2012-11-23
322168727,2018-09-12
328818643,2018-09-27
332417828,2018-10-05
337741276,2018-10-17
341165152,2018-10-26
348323000,2018-11-13
350466473,2018-11-19
357729610,2018-12-11
359881849,2018-12-18
360373135,2018-12-20
360942568,2018-12-22
362410636,2018-12-26
366804104,2019-01-03
401329239,2019-01-14
402080107,2019-01-17
756387117,2021-05-09
767073061,2021-06-06
405595389718546318,2021-07-13
411054307,2019-02-11
412691877,2019-02-16
414938955,2019-02-21
429245944,2019-03-27
438194012,2019-04-16
446737969,2019-05-02
3009500,2012-12-02
3195303,2012-12-31
3389982,2013-01-21
3615394,2013-02-26
3688934,2013-03-04
4136805,2013-04-13
4237026,2013-04-21
4492447,2013-05-08
4699185,2013-05-21
4900319,2013-06-01
7277111,2013-09-14
7578424,2013-09-25
8037431,2013-10-14
8848072,2013-11-21
8957065,2013-11-28
9281638,2013-12-18
9461006,2013-12-30
9741799,2014-01-07
10553804,2014-02-24
11355581,2014-03-31
11641826,2014-04-10
12202796,2014-04-26
12406552,2014-05-01
12682519,2014-05-08
12813838,2014-05-12
13343143,2014-05-26
13817300,2014-06-05
14197756,2014-06-14
14956816,2014-06-30
15625267,2014-07-13
15874319,2014-07-17
15916173,2014-07-18
18115527,2014-08-22
18320733,2014-08-25
18481217,2014-08-27
19767745,2014-09-18
20000698,2014-09-22
20408748,2014-09-29
22464681,2014-11-07
23268839,2014-11-27
24532825,2014-12-30
25513544,2015-01-18
25744050,2015-01-25
27077658,2015-02-24
27514005,2015-03-06
27577215,2015-03-08
28693828,2015-03-29
28934375,2015-04-01
32806821,2015-05-22
33063766,2015-05-25
34936332,2015-06-14
451142011,2019-05-11
453593126,2019-05-16
475951417,2019-06-25
486171786,2019-07-12
515189226,2019-08-22
518885128,2019-08-27
521543063,2019-09-01
532090258,2019-09-19
539442531,2019-10-01
544106982,2019-10-09
552736142,2019-10-22
559983797,2019-11-05
564223159,2019-11-15
600275584,2020-02-01
601688134,2020-02-04
602240308,2020-02-06
611500324,2020-02-27
634169639,2020-07-03
429417328408429233,2021-08-15
459937168529471615,2021-09-26
469403250102215096,2021-10-09
424338662286650214,2021-08-08
398261504427206011,2021-07-03
400421821395701241,2021-07-06
415655043591959613,2021-07-27
422950481210748293,2021-08-06
425848973789878381,2021-08-10
433125366307319989,2021-08-20
436714414846300991,2021-08-25
447552371180805844,2021-09-09
451150943309542323,2021-09-14
454786802212580855,2021-09-19
456947510822492305,2021-09-22
480225285830896627,2021-10-24
503464587059923711,2021-11-25
515777467514922554,2021-12-12
562846565446128301,2022-02-15
44116667,2015-08-24
44635350,2015-08-28
44883444,2015-08-30
46587202,2015-09-12
48491977,2015-09-27
50437624,2015-10-12
53327406,2015-11-08
54913169,2015-11-25
56194552,2015-12-10
69732739,2016-04-13
85892728,2016-07-13
100159562,2016-09-07
112273608,2016-11-05
114740816,2016-11-20
619346487350500839,2022-05-04
122084970,2016-12-21
126249071,2017-01-10
130047787,2017-02-04
142263592,2017-04-07
154752546,2017-05-26
156535394,2017-05-31
158297142,2017-06-06
223535929,2018-01-01
242067415,2018-03-11
252094811,2018-04-09
589532475,2020-01-06
610323331,2020-02-24
649755957,2020-08-11
662027410,2020-09-08
409834264119290896,2021-07-19
582384791462659273,2022-03-14
588996495743035244,2022-03-23
565693958408108735,2022-02-19
574415194105699249,2022-03-03
583907169395777804,2022-03-16
590397447921592966,2022-03-25
601265577194665799,2022-04-09
613609687037943504,2022-04-26
616466849109483233,2022-04-30
620127098811651982,2022-05-05
633803840816242664,2022-05-24
638933300524822548,2022-05-31
641840724045611745,2022-06-04
200622,2011-03-16
244699,2011-04-29
266197,2011-05-16
297209,2011-06-04
334378,2011-06-25
458874,2011-08-19
513505,2011-09-08
737058,2011-11-22
939061,2012-02-21
1009731,2012-03-17
1837003,2012-07-30
2437991,2012-09-28
3234209,2013-01-02
3439883,2013-01-29
3863034,2013-03-22
3978357,2013-04-01
4385482,2013-05-01
4663321,2013-05-19
4747081,2013-05-23
4830851,2013-05-28
5395422,2013-06-28
5759133,2013-07-15
5984703,2013-07-25
6272044,2013-08-06
6521646,2013-08-15
6764290,2013-08-24
6867031,2013-08-28
7092248,2013-09-06
164703616,2017-06-28
7433250,2013-09-20
7745132,2013-10-01
7806216,2013-10-04
8136789,2013-10-17
8565183,2013-11-05
8619232,2013-11-08
8966336,2013-11-29
9183091,2013-12-11
10035646,2014-01-27
10625889,2014-02-28
10962707,2014-03-15
11226482,2014-03-25
1848791,2012-07-31
537245137,2019-09-28
544666786,2019-10-10
595955250,2020-01-21
609023551,2020-02-22
1102968,2012-04-09
1178818,2012-04-25
483205357,2019-07-07
1240863,2012-05-07
1318004,2012-05-21
516233013,2019-08-24
520278875,2019-08-30
11594477,2014-04-08
12004702,2014-04-21
13076063,2014-05-19
13567904,2014-05-31
557899817,2019-11-02
573805542,2019-12-07
16618984,2014-07-30
16728946,2014-08-01
18901856,2014-09-02
20650906,2014-10-03
20910735,2014-10-07
22190594,2014-11-01
22399220,2014-11-05
22696546,2014-11-12
22802701,2014-11-15
23039341,2014-11-21
24048434,2014-12-18
2682007,2012-10-22
3240067,2013-01-03
599790032,2020-01-31
601927309,2020-02-05
611108242,2020-02-26
632908715,2020-06-28
665298253,2020-09-18
702708888,2020-10-22
759512731,2021-05-17
455526375379691036,2021-09-20
459142135766074774,2021-09-25
520798289135099836,2021-12-19
5066093,2013-06-10
6443401,2013-08-12
8502318,2013-11-03
17859828,2014-08-18
19598407,2014-09-15
23442023,2014-12-01
24808247,2015-01-03
25819682,2015-01-26
27030735,2015-02-23
28879847,2015-03-31
31295676,2015-05-04
41965944,2015-08-10
48778092,2015-09-28
56609037,2015-12-15
57168687,2015-12-22
57773796,2015-12-29
58002379,2015-12-31
58501521,2016-01-03
67375718,2016-03-29
74367714,2016-05-15
82401862,2016-06-27
97705859,2016-08-28
106607963,2016-10-07
120637237,2016-12-11
122821757,2016-12-26
124529652,2017-01-02
141684620,2017-04-04
155851216,2017-05-29
160304995,2017-06-13
167048262,2017-07-05
187338243,2017-08-27
216706958,2017-12-05
337384897,2018-10-16
25729437,2015-01-24
25945887,2015-01-30
26881340,2015-02-21
27650881,2015-03-09
28073529,2015-03-17
28237368,2015-03-20
28494440,2015-03-24
29385991,2015-04-07
29672489,2015-04-11
29905146,2015-04-14
30066470,2015-04-17
31656981,2015-05-08
32517701,2015-05-19
36864978,2015-07-02
37053767,2015-07-04
37563387,2015-07-08
39154745,2015-07-21
39395661,2015-07-23
45551292,2015-09-04
46123426,2015-09-08
48062604,2015-09-23
49325992,2015-10-03
51625063,2015-10-22
52518646,2015-10-30
54361161,2015-11-18
362804175,2018-12-27
400197910,2019-01-11
463815192,2019-06-04
467413813,2019-06-10
660050468,2020-09-04
727907408,2021-01-31
729160861,2021-02-06
730185240,2021-02-10
743994131,2021-03-31
746772902,2021-04-08
55808278,2015-12-06
56049485,2015-12-08
1219103,2012-05-02
460798815,2019-05-30
463476460,2019-06-03
481072977,2019-07-04
504795338,2019-08-08
556759574,2019-10-30
563528712,2019-11-13
563873456,2019-11-14
564576607,2019-11-16
566379622,2019-11-19
572596938,2019-12-03
577927234,2019-12-16
578291500,2019-12-17
590330903,2020-01-08
590636453,2020-01-09
56912936,2015-12-20
1449455,2012-06-10
592881835,2020-01-14
596602089,2020-01-23
644483594,2020-07-31
645185201,2020-08-01
645641337,2020-08-02
647568202,2020-08-07
648777409,2020-08-09
653092163,2020-08-18
655971642,2020-08-24
666993471,2020-09-22
766429223,2021-06-05
440362421532186267,2021-08-30
446851968873967043,2021-09-08
583190617822694424,2022-03-15
402701181139091817,2021-07-09
1484229,2012-06-15
1531470,2012-06-21
2039757,2012-08-20
2510817,2012-10-05
2696506,2012-10-24
3030086,2012-12-05
59484457,2016-01-11
60471091,2016-01-24
63656775,2016-02-25
64300261,2016-03-02
66836397,2016-03-25
67257929,2016-03-27
70935340,2016-04-22
72222590,2016-05-01
72562107,2016-05-03
72854569,2016-05-05
74260669,2016-05-14
75779560,2016-05-23
79673697,2016-06-13
80515604,2016-06-18
82639580,2016-06-28
84345073,2016-07-06
84781928,2016-07-09
85429865,2016-07-11
86128256,2016-07-15
87790705,2016-07-21
23259296,2014-11-26
23579035,2014-12-05
24328801,2014-12-26
26240254,2015-02-08
26414295,2015-02-12
89146350,2016-07-27
92926300,2016-08-10
95231775,2016-08-18
98866202,2016-09-02
101727573,2016-09-14
104854154,2016-09-28
105333133,2016-10-01
106061144,2016-10-04
112678820,2016-11-06
112856955,2016-11-08
120398453,2016-12-10
121318375,2016-12-16
121819117,2016-12-19
559228960583584377,2022-02-10
569320751112713025,2022-02-24
123908771,2016-12-31
127814759,2017-01-21
133418209,2017-02-22
136223926,2017-03-09
138737825,2017-03-21
27870648,2015-03-14
28147316,2015-03-18
29720876,2015-04-12
34269775,2015-06-07
34619370,2015-06-10
38366302,2015-07-15
43034206,2015-08-17
53630278,2015-11-10
143501545,2017-04-12
145814611,2017-04-20
150786477,2017-05-09
165494484,2017-07-01
529167857,2019-09-14
604751224,2020-02-12
229202804,2018-01-22
245670612,2018-03-23
263175321,2018-05-11
349420059,2018-11-17
360637406,2018-12-21
169036250,2017-07-11
172438162,2017-07-21
174470535,2017-07-26
12155224,2014-04-24
181089304,2017-08-12
187930416,2017-08-28
191850095,2017-09-09
194134407,2017-09-16
196518918,2017-09-23
31190076,2015-05-03
71413204,2016-04-25
208207958,2017-10-31
208640247,2017-11-02
210832801,2017-11-11
213272792,2017-11-20
420330398,2019-03-06
528596845,2019-09-13
534780354,2019-09-23
1928470,2012-08-08
634777210,2020-07-05
215698403,2017-12-01
216264150,2017-12-03
217056409,2017-12-07
219011734,2017-12-16
220645639,2017-12-23
224011026,2018-01-02
225702154,2018-01-07
230873724,2018-01-29
235600205,2018-02-17
239777801,2018-03-03
244151897,2018-03-18
254542113,2018-04-17
2025785,2012-08-18
258049347,2018-04-28
271682082,2018-06-02
273494437,2018-06-06
281556980,2018-06-25
289930044,2018-07-13
2137072,2012-08-29
2741866,2012-10-28
3190641,2012-12-30
303751615,2018-08-08
319333961,2018-09-06
661496247,2020-09-07
665079266,2020-09-17
668514702,2020-09-27
669504322,2020-09-30
673315949,2020-10-11
385975838512808638,2021-06-16
396171685148665278,2021-06-30
456315414816053240,2021-09-21
462774616136971951,2021-09-30
468617161116780121,2021-10-08
476594596781964217,2021-10-19
491875808698323322,2021-11-09
501943162649401450,2021-11-23
506340597571358123,2021-11-29
557069780964795876,2022-02-07
564241978147135731,2022-02-17
573751714900985870,2022-03-02
580256942958462359,2022-03-11
593952175432915760,2022-03-30
599089556139422229,2022-04-06
634596626111909655,2022-05-25
4529661,2013-05-11
4785766,2013-05-26
5103775,2013-06-12
7970694,2013-10-10
9104649,2013-12-07
9440313,2013-12-29
11074868,2014-03-19
23921985,2014-12-14
25315303,2015-01-12
26938147,2015-02-22
726937,2011-11-17
1118619,2012-04-12
1201443,2012-04-30
28788602,2015-03-30
29157225,2015-04-05
31494397,2015-05-05
40509056,2015-07-31
1428854,2012-06-06
2392478,2012-09-24
4331621,2013-04-28
6221416,2013-08-04
7569419,2013-09-24
7678797,2013-09-29
7892559,2013-10-07
8382484,2013-10-28
8700692,2013-11-12
322541817,2018-09-13
332796073,2018-10-06
349073277,2018-11-16
353711214,2018-11-29
367244092,2019-01-04
369355855,2019-01-10
8918161,2013-11-25
44407658,2015-08-26
429850065,2019-03-29
50060499,2015-10-09
52818688,2015-11-02
57021362,2015-12-21
60255977,2016-01-21
60688102,2016-01-26
62240946,2016-02-13
62978985,2016-02-19
9037669,2013-12-02
9247215,2013-12-16
9349595,2013-12-23
9512412,2013-12-31
10862895,2014-03-10
11189565,2014-03-24
11630208,2014-04-09
11909145,2014-04-18
74110747,2016-05-13
76925298,2016-05-29
83184522,2016-07-01
85244352,2016-07-10
91582289,2016-08-06
93155864,2016-08-11
471750845,2019-06-18
98526844,2016-08-31
109524707,2016-10-22
111979940,2016-11-03
115380283,2016-11-24
478011904,2019-06-29
12719019,2014-05-09
12987779,2014-05-16
13254988,2014-05-23
13540333,2014-05-30
13730361,2014-06-03
14685183,2014-06-24
14782117,2014-06-26
15452542,2014-07-09
15686033,2014-07-14
16067163,2014-07-21
123694584,2016-12-30
128039534,2017-01-22
129029865,2017-01-29
17664148,2014-08-15
18168289,2014-08-23
138152141,2017-03-19
614187519,2020-03-04
617959626,2020-03-14
657361495,2020-08-28
399725500985335239,2021-07-05
422263484280237744,2021-08-05
442472381053362518,2021-09-02
448301534256467063,2021-09-10
452609068691159292,2021-09-16
458411809076231962,2021-09-24
472171627308284784,2021-10-13
478044487985382175,2021-10-21
484532747549761717,2021-10-30
488202890654110577,2021-11-04
499733810993997793,2021-11-20
502668002796293115,2021-11-24
522237560670379952,2021-12-21
525906699951031175,2021-12-26
543256970205890601,2022-01-19
570144169835212597,2022-02-25
587498684274281119,2022-03-21
625178013155853012,2022-05-12
98277,2010-09-16
18658506,2014-08-30
19885710,2014-09-20
20231308,2014-09-26
21575690,2014-10-20
21951386,2014-10-27
22157452,2014-10-31
22243549,2014-11-02
22782507,2014-11-14
23377485,2014-11-30
23693936,2014-12-08
28015589,2015-03-16
29254372,2015-04-06
29971930,2015-04-15
30503914,2015-04-23
30855863,2015-04-28
31011704,2015-04-30
32245572,2015-05-16
147330660,2017-04-26
34779012,2015-06-12
43588305,2015-08-20
45679949,2015-09-05
101453760,2016-09-13
102403628,2016-09-18
105507064,2016-10-02
111108871,2016-10-30
275922087,2018-06-12
176651873,2017-07-31
177297514,2017-08-02
189223447,2017-09-01
190826439,2017-09-05
192881358,2017-09-11
193637039,2017-09-14
200355850,2017-10-05
204501259,2017-10-18
129288,2010-10-29
35644219,2015-06-21
36377523,2015-06-28
37850211,2015-07-11
47985780,2015-09-22
49226579,2015-10-02
49862648,2015-10-06
53234031,2015-11-06
58424738,2016-01-02
66161351,2016-03-20
66617494,2016-03-23
238215,2011-04-25
283009,2011-05-27
309102,2011-06-12
859247,2012-01-13
1876740,2012-08-03
2199188,2012-09-04
2539118,2012-10-08
2793111,2012-11-03
2863787,2012-11-12
2941462,2012-11-22
3023799,2012-12-04
3077334,2012-12-12
3146791,2012-12-24
3352710,2013-01-15
3451580,2013-02-01
3527382,2013-02-12
3557152,2013-02-16
3608164,2013-02-22
68798595,2016-04-06
227555385,2018-01-15
239297323,2018-03-01
243231172,2018-03-15
253375359,2018-04-14
256983856,2018-04-24
257788739,2018-04-27
270727218,2018-05-30
279623037,2018-06-21
4294703,2013-04-25
4402050,2013-05-03
4933038,2013-06-03
5010515,2013-06-07
5126008,2013-06-14
5174629,2013-06-17
5243972,2013-06-20
5428029,2013-06-30
5859046,2013-07-20
5906316,2013-07-22
6527965,2013-08-16
7032282,2013-09-04
7153035,2013-09-09
7388760,2013-09-18
7599550,2013-09-26
8169694,2013-10-19
79010933,2016-06-10
9083953,2013-12-05
9265547,2013-12-17
9328929,2013-12-22
10462061,2014-02-20
10677175,2014-03-03
11044287,2014-03-18
11104102,2014-03-20
11257974,2014-03-27
11427161,2014-04-02
11852743,2014-04-17
81539491,2016-06-23
83001368,2016-06-30
85720043,2016-07-12
91153230,2016-08-04
94082319,2016-08-14
96243509,2016-08-22
97095448,2016-08-25
292968200,2018-07-19
109376075,2016-10-21
13127418,2014-05-20
13266255,2014-05-24
13519083,2014-05-29
304260777,2018-08-09
308829241,2018-08-17
321444897,2018-09-10
343316753,2018-10-31
15207725,2014-07-05
15386639,2014-07-08
16195035,2014-07-23
116287353,2016-11-29
123235202,2016-12-28
130510820,2017-02-06
131183896,2017-02-11
135753339,2017-03-06
137389665,2017-03-15
140890925,2017-04-01
348543250,2018-11-14
149828650,2017-05-06
152355611,2017-05-16
178329453,2017-08-05
191415189,2017-09-07
18615254,2014-08-29
18936116,2014-09-03
19064169,2014-09-06
21420960,2014-10-17
21748071,2014-10-23
22575428,2014-11-10
22944240,2014-11-18
23741857,2014-12-09
359522613,2018-12-17
362027393,2018-12-25
402422677,2019-01-18
403630031,2019-01-21
23825654,2014-12-11
24400438,2014-12-28
24699187,2015-01-02
25161472,2015-01-08
25463762,2015-01-17
26094559,2015-02-03
26166006,2015-02-05
26443644,2015-02-13
26669529,2015-02-17
427311077,2019-03-23
430258180,2019-03-30
436475136,2019-04-13
437741639,2019-04-15
439622030,2019-04-19
454015719,2019-05-17
456340652,2019-05-21
235033250,2018-02-15
271466851,2018-06-01
279014508,2018-06-19
286809374,2018-07-07
288121200,2018-07-09
295276477,2018-07-23
318973147,2018-09-05
326386700,2018-09-22
329083066,2018-09-28
27545492,2015-03-07
28608990,2015-03-27
493964882,2019-07-23
33429351,2015-05-28
35283942,2015-06-17
35938728,2015-06-23
36755794,2015-07-01
39475047,2015-07-24
40881539,2015-08-03
41577870,2015-08-08
42809802,2015-08-16
46363039,2015-09-10
46689901,2015-09-13
49418276,2015-10-04
341635786,2018-10-27
350754467,2018-11-20
501235860,2019-08-03
412281809,2019-02-15
536172235,2019-09-26
557583951,2019-11-01
443130374,2019-04-25
457912875,2019-05-25
51540958,2015-10-21
51880720,2015-10-25
55556123,2015-12-02
55662605,2015-12-04
57501236,2015-12-27
59110485,2016-01-07
61561173,2016-02-06
569653913,2019-11-27
64505883,2016-03-05
69137015,2016-04-09
70612953,2016-04-19
580774567,2019-12-23
583217873,2019-12-28
593925039,2020-01-17
600727975,2020-02-02
660850484,2020-09-06
568918769,2019-11-25
602736300567083073,2022-04-11
626551528008367071,2022-05-14
628026632386597959,2022-05-16
830768,2012-01-03
981193,2012-03-08
2969537,2012-11-26
5217566,2013-06-18
6667883,2013-08-20
7364938,2013-09-17
14484446,2014-06-20
73672828,2016-05-09
76077322,2016-05-24
87372014,2016-07-19
99746746,2016-09-05
670065120,2020-10-02
446114659793634118,2021-09-07
467922880835416516,2021-10-07
479420623161440337,2021-10-23
125693440,2017-01-07
15079365,2014-07-01
501202118562104678,2021-11-22
504833299790081589,2021-11-27
512118556138317168,2021-12-07
545404082118307107,2022-01-22
600548309671107370,2022-04-08
614263247822739188,2022-04-27
22751286,2014-11-13
22917765,2014-11-17
46939944,2015-09-14
68219628,2016-04-03
131843134,2017-02-14
642562224725531069,2022-06-05
195129212,2017-09-18
129926782,2017-02-03
134413676,2017-02-27
139361233,2017-03-25
153452519,2017-05-21
212292407,2017-11-17
217391463,2017-12-09
232143858,2018-02-04
237049877,2018-02-21
229729135,2018-01-25
232519461,2018-02-05
315154431,2018-08-28
409994553,2019-02-09
558469255038219380,2022-02-09
6466003,2013-08-13
17290839,2014-08-10
1962718,2012-08-12
311375058,2018-08-21
2094374,2012-08-25
2233541,2012-09-08
579315292,2019-12-20
592015323,2020-01-12
596926423,2020-01-24
667187042,2020-09-23
457754102799757046,2021-09-23
483821945169168877,2021-10-29
494748409644273376,2021-11-13
496895097191891339,2021-11-16
507820120144730094,2021-12-01
513571452785989075,2021-12-09
562091734998166580,2022-02-14
631683840180768196,2022-05-21
10653069,2014-03-01
11465532,2014-04-04
2819307,2012-11-05
8322295,2013-10-25
165508,2011-01-04
236343,2011-04-23
240192,2011-04-26
12646391,2014-05-06
18758588,2014-08-31
65390157,2016-03-13
17520260,2014-08-13
19224930,2014-09-08
19434683,2014-09-12
19546020,2014-09-14
157522501,2017-06-04
252113,2011-05-05
295755,2011-06-03
364011,2011-07-10
397719,2011-07-26
417346,2011-08-03
431261,2011-08-09
20204588,2014-09-25
474500,2011-08-25
495230,2011-09-02
556561,2011-09-22
609630,2011-10-08
655138,2011-10-23
1999070,2012-08-16
5857765,2013-07-19
32164807,2015-05-15
172865515,2017-07-22
33842672,2015-06-01
206433290,2017-10-25
572890974,2019-12-04
596272288,2020-01-22
599189646,2020-01-29
627920053,2020-06-06
633748683,2020-07-01
637725733,2020-07-13
643922578,2020-07-29
650485008,2020-08-13
651301416,2020-08-15
407717193375868962,2021-07-16
421482849793780463,2021-08-04
441801700497885590,2021-09-01
482368407777418369,2021-10-27
74902178,2016-05-17
90149967,2016-07-31
90956715,2016-08-03
1233003,2012-05-06
1268865,2012-05-12
147481350,2017-04-27
237570548,2018-02-23
1325957,2012-05-22
620020709,2020-03-20
2268475,2012-09-11
1517358,2012-06-19
1702100,2012-07-14
1767342,2012-07-22
2097021,2012-08-26
2176099,2012-09-03
2980717,2012-11-27
3126510,2012-12-20
3366074,2013-01-18
3887018,2013-03-25
4064994,2013-04-07
4108615,2013-04-10
51105365,2015-10-18
54577615,2015-11-22
55752645,2015-12-05
59661394,2016-01-13
69635631,2016-04-12
7136750,2013-09-08
81207427,2016-06-21
103309478,2016-09-21
104991549,2016-09-29
106424324,2016-10-06
8217151,2013-10-21
8642613,2013-11-10
11327434,2014-03-30
12654595,2014-05-07
14018814,2014-06-10
16003389,2014-07-20
20689497,2014-10-04
26401792,2015-02-11
27350151,2015-03-02
7412640,2013-09-19
8004838,2013-10-12
8279987,2013-10-23
9637961,2014-01-04
10260746,2014-02-10
71977936,2016-04-30
81862057,2016-06-25
113219247,2016-11-11
131682587,2017-02-13
312783416,2018-08-24
369110878,2019-01-09
15826686,2014-07-16
121081172,2016-12-13
134781543,2017-03-01
148184883,2017-04-30
1612972,2012-07-02
1987452,2012-08-14
2674747,2012-10-21
3159977,2012-12-26
3407500,2013-01-24
3809123,2013-03-17
24298100,2014-12-25
25131501,2015-01-07
26210217,2015-02-07
177820142,2017-08-04
185950326,2017-08-23
6835458,2013-08-26
7023994,2013-09-03
30665979,2015-04-26
31719808,2015-05-09
32333651,2015-05-17
34894877,2015-06-13
40737478,2015-08-02
17963848,2014-08-19
100523485,2016-09-09
221117209,2017-12-25
222219031,2017-12-29
226351619,2018-01-10
245206280,2018-03-21
42254874,2015-08-12
322925966,2018-09-14
1230430,2012-05-05
47246829,2015-09-17
1788132,2012-07-24
1904264,2012-08-06
2596989,2012-10-13
5459593,2013-07-01
304851543,2018-08-10
51058724,2015-10-17
54258507,2015-11-17
55104179,2015-11-28
404247817,2019-01-23
416828912,2019-02-25
417482977,2019-02-27
73860556,2016-05-10
5603194,2013-07-08
6067307,2013-07-29
87951580,2016-07-22
6184842,2013-08-02
560249598,2019-11-06
575789523,2019-12-11
614710610,2020-03-06
646836483,2020-08-05
650005255,2020-08-12
657690214,2020-08-29
658983282,2020-08-31
671471463,2020-10-05
417103696828436940,2021-07-29
6706028,2013-08-22
8536773,2013-11-04
9785861,2014-01-10
11706752,2014-04-13
22078041,2014-10-29
25571783,2015-01-19
26185276,2015-02-06
144639114,2017-04-16
148572855,2017-05-01
172124155,2017-07-20
174891485,2017-07-27
183892786,2017-08-18
149385,2010-12-06
192169,2011-03-04
243355,2011-04-28
257379,2011-05-09
290280,2011-05-31
308125,2011-06-11
428941,2011-08-08
492579,2011-09-01
533356,2011-09-15
1024926,2012-03-20
621414833,2020-03-31
711224622,2020-11-25
766078770,2021-06-04
529465182461229684,2021-12-31
190423242,2017-09-04
201898128,2017-10-09
4611514,2013-05-15
4860977,2013-05-29
401173684236428682,2021-07-07
630983272397758672,2022-05-20
2770418,2012-10-31
2895469,2012-11-16
895909,2012-02-01
2912026,2012-11-19
3176572,2012-12-29
8446850,2013-10-31
10889693,2014-03-11
9552922,2014-01-02
12342648,2014-04-29
16486664,2014-07-28
17231212,2014-08-09
13407939,2014-05-27
25227192,2015-01-10
34047237,2015-06-04
761431857,2021-05-23
6493345,2013-08-14
22124586,2014-10-30
58228693,2016-01-01
8745451,2013-11-15
163392,2011-01-03
206188,2011-03-22
62557486,2016-02-15
205988118,2017-10-23
216567,2011-04-04
299865,2011-06-06
390225,2011-07-23
9952563,2014-01-21
10094667,2014-01-30
10383814,2014-02-17
10594887,2014-02-26
407876,2011-07-31
425552,2011-08-07
445409,2011-08-15
464773,2011-08-22
904646,2012-02-06
972603,2012-03-05
1752406,2012-07-20
2762849,2012-10-30
285278492,2018-07-03
442378217,2019-04-23
770376897,2021-06-14
5493008,2013-07-02
6005452,2013-07-26
13959933,2014-06-09
16295878,2014-07-25
16883498,2014-08-04
17093137,2014-08-07
50320736,2015-10-11
92143821,2016-08-07
95520172,2016-08-20
490837005,2019-07-19
494945887,2019-07-25
10937084,2014-03-14
11116052,2014-03-21
11682024,2014-04-12
12423045,2014-05-02
13205833,2014-05-22
17670562,2014-08-16
17992842,2014-08-20
2458220,2012-09-30
2584164,2012-10-11
2786244,2012-11-02
2839423,2012-11-08
3268607,2013-01-04
3449623,2013-01-31
3514501,2013-02-11
253008,2011-05-06
420803608486659181,2021-08-03
3731924,2013-03-09
3921454,2013-03-27
4058355,2013-04-06
207727,2011-03-23
21071938,2014-10-11
23303341,2014-11-28
24075466,2014-12-19
25425615,2015-01-15
27093528,2015-02-25
4302003,2013-04-26
4427589,2013-05-05
4634069,2013-05-17
226530,2011-04-14
247810,2011-05-02
259747,2011-05-11
264495,2011-05-15
278610,2011-05-24
298544,2011-06-05
335106,2011-06-26
4773803,2013-05-25
346800,2011-07-01
351451,2011-07-04
395607,2011-07-25
406072,2011-07-30
414144,2011-08-02
463142,2011-08-21
479855,2011-08-27
498724,2011-09-03
536527,2011-09-16
564642,2011-09-25
573510,2011-09-27
582090,2011-09-29
606412,2011-10-07
614090,2011-10-10
641321,2011-10-18
751094,2011-11-28
1089463,2012-04-06
1146061,2012-04-17
1362296,2012-05-28
1557428,2012-06-25
1579091,2012-06-28
1896140,2012-08-05
6640018,2013-08-19
9012244,2013-12-01
27470001,2015-03-05
32879973,2015-05-23
41243445,2015-08-05
43217757,2015-08-18
48422831,2015-09-26
56675252,2015-12-16
5262158,2013-06-21
5343689,2013-06-25
5528621,2013-07-04
5636362,2013-07-09
59064060,2016-01-06
60202980,2016-01-20
11155401,2014-03-23
12049664,2014-04-22
12367986,2014-04-30
13779880,2014-06-04
14237772,2014-06-15
14554152,2014-06-22
17186679,2014-08-08
19345051,2014-09-10
20596860,2014-10-02
20958772,2014-10-08
24270970,2014-12-24
26007503,2015-02-01
26375116,2015-02-10
30031232,2015-04-16
38713445,2015-07-18
39877008,2015-07-26
63517814,2016-02-23
71899537,2016-04-29
90760399,2016-08-02
105830130,2016-10-03
107400618,2016-10-10
5672435,2013-07-11
5823586,2013-07-18
5938637,2013-07-23
6019483,2013-07-27
6100781,2013-07-30
65943188,2016-03-18
6557587,2013-08-17
6586681,2013-08-18
503725905,2019-08-06
320921,2011-06-18
343702,2011-06-30
358197,2011-07-07
7770683,2013-10-02
8078258,2013-10-15
8325868,2013-10-26
8426665,2013-10-30
8594559,2013-11-06
8601602,2013-11-07
8620813,2013-11-09
8753996,2013-11-16
8830207,2013-11-19
8867118,2013-11-23
361875,2011-07-09
366602,2011-07-11
370439,2011-07-13
373943,2011-07-15
382844,2011-07-19
410540,2011-08-01
421656,2011-08-05
438872,2011-08-12
449627,2011-08-16
454715,2011-08-17
454914,2011-08-18
471779,2011-08-24
505472,2011-09-06
530533,2011-09-14
8952614,2013-11-27
9111724,2013-12-08
9221370,2013-12-14
9755835,2014-01-08
9808925,2014-01-11
9906006,2014-01-18
10232974,2014-02-08
10335046,2014-02-14
10520244,2014-02-23
10610272,2014-02-27
10814261,2014-03-09
11284011,2014-03-28
591765,2011-10-03
601554,2011-10-05
11946657,2014-04-20
78595800,2016-06-07
13596005,2014-06-01
13841679,2014-06-06
13908476,2014-06-08
624745,2011-10-12
626148,2011-10-13
670552,2011-10-28
673268,2011-10-29
695079,2011-11-06
14514936,2014-06-21
15102667,2014-07-02
16336365,2014-07-26
17344611,2014-08-11
18783710,2014-09-01
19685201,2014-09-16
19814347,2014-09-19
723894,2011-11-16
739374,2011-11-23
755349,2011-11-30
776065,2011-12-11
783854,2011-12-13
813882,2011-12-30
846397,2012-01-07
870264,2012-01-18
874311,2012-01-21
880255,2012-01-24
23790263,2014-12-10
889892,2012-01-30
906615,2012-02-07
955899,2012-02-28
977689,2012-03-07
987074,2012-03-11
993982,2012-03-13
998789,2012-03-14
1015229,2012-03-18
121223631,2016-12-15
122672227,2016-12-25
126492396,2017-01-12
128262315,2017-01-23
128624226,2017-01-26
25223811,2015-01-09
25375344,2015-01-13
25698071,2015-01-23
152731466,2017-05-18
153936158,2017-05-22
156999329,2017-06-02
1076827,2012-04-03
30124013,2015-04-18
1134740,2012-04-16
1148782,2012-04-18
1151527,2012-04-19
180663829,2017-08-11
193303046,2017-09-13
198036403,2017-09-28
226543374,2018-01-11
1283018,2012-05-15
1335125,2012-05-23
1409601,2012-06-04
1546414,2012-06-24
1661562,2012-07-09
1688346,2012-07-12
2071381,2012-08-23
2216894,2012-09-06
2247556,2012-09-10
2297522,2012-09-15
2298447,2012-09-16
2559434,2012-10-09
2644798,2012-10-17
2666463,2012-10-20
2728011,2012-10-27
48861471,2015-09-29
59453920,2016-01-10
2855707,2012-11-11
2885382,2012-11-15
3043040,2012-12-08
3081797,2012-12-13
60949066,2016-01-30
250472312,2018-04-05
252861153,2018-04-12
274423388,2018-06-09
329611640,2018-09-29
3170215,2012-12-28
3321423,2013-01-10
75351597,2016-05-20
77697775,2016-06-02
79162009,2016-06-11
3341635,2013-01-14
3360852,2013-01-17
3378643,2013-01-20
3416740,2013-01-26
346636453,2018-11-09
358111859,2018-12-13
3735645,2013-03-10
3770188,2013-03-12
3787200,2013-03-15
3830951,2013-03-19
3844827,2013-03-20
99088029,2016-09-03
3869118,2013-03-23
3925071,2013-03-28
4115904,2013-04-11
4143943,2013-04-14
4190944,2013-04-16
4201365,2013-04-18
4991655,2013-06-06
5141552,2013-06-15
5383104,2013-06-27
5504625,2013-07-03
116607188,2016-12-02
6189073,2013-08-03
6317840,2013-08-08
7298339,2013-09-15
130903593,2017-02-09
638947362,2020-07-17
664271898,2020-09-14
7949527,2013-10-09
8294476,2013-10-24
8353488,2013-10-27
133692259,2017-02-24
136330053,2017-03-10
139204788,2017-03-24
140504394,2017-03-30
764217596,2021-05-30
388135799376910102,2021-06-19
162231442,2017-06-20
162961663,2017-06-23
163575168,2017-06-25
175612609,2017-07-29
198405665,2017-09-29
203081618,2017-10-14
463538627364247921,2021-10-01
467135218236415577,2021-10-06
512869537459237578,2021-12-08
538878785312464713,2022-01-13
549081815702585351,2022-01-27
554144047219584793,2022-02-03
584636259894270891,2022-03-17
596190218914431003,2022-04-02
932562,2012-02-20
1157773,2012-04-21
1220739,2012-05-03
210545526,2017-11-10
213809237,2017-11-23
215489180,2017-11-30
1270054,2012-05-13
1299929,2012-05-18
1466676,2012-06-12
243805360,2018-03-17
270445262,2018-05-29
2331482,2012-09-18
2482630,2012-10-02
2713220,2012-10-25
3152124,2012-12-25
3336047,2013-01-13
4018916,2013-04-03
4508434,2013-05-09
9295332,2013-12-19
9386015,2013-12-25
290240430,2018-07-14
5705100,2013-07-12
6684757,2013-08-21
8662269,2013-11-11
9830801,2014-01-13
9876103,2014-01-16
9999057,2014-01-24
10349513,2014-02-15
10564795,2014-02-25
10920399,2014-03-13
10979147,2014-03-16
309483189,2018-08-18
340587509,2018-10-24
11824936,2014-04-16
12171768,2014-04-25
12995487,2014-05-17
9928554,2014-01-20
10147557,2014-02-03
10478726,2014-02-21
10794578,2014-03-08
14900246,2014-06-29
15492192,2014-07-10
16578501,2014-07-29
411662686,2019-02-13
420921384,2019-03-08
423785185,2019-03-15
22528160,2014-11-09
22355154,2014-11-04
29558021,2015-04-09
36249402,2015-06-26
23949983,2014-12-15
625574018,2020-05-22
627541921,2020-06-03
628616859,2020-06-09
628877080,2020-06-11
629881489,2020-06-15
630323816,2020-06-18
48988614,2015-09-30
57434507,2015-12-26
631445326,2020-06-22
634457319,2020-07-04
635910379,2020-07-08
27758243,2015-03-11
31993856,2015-05-12
33234478,2015-05-26
45276847,2015-09-01
47144930,2015-09-16
47469489,2015-09-19
636379647,2020-07-10
638346465,2020-07-15
639388097,2020-07-18
640751145,2020-07-21
641639249,2020-07-24
713239509,2020-12-04
53057325,2015-11-04
64206995,2016-03-01
443895479843528800,2021-09-04
101813137,2016-09-15
519413441133344680,2021-12-17
534543510008645413,2022-01-07
54503744,2015-11-21
2779607,2012-11-01
2936789,2012-11-21
3673674,2013-03-02
4223232,2013-04-20
4318697,2013-04-27
4888867,2013-05-31
5022212,2013-06-08
5316591,2013-06-24
5885214,2013-07-21
6404965,2013-08-11
6891251,2013-08-29
108975671,2016-10-18
7218731,2013-09-11
7477768,2013-09-22
7844908,2013-10-06
8025521,2013-10-13
8407673,2013-10-29
8722670,2013-11-13
8834598,2013-11-20
9089779,2013-12-06
9680428,2014-01-05
10200528,2014-02-05
10252891,2014-02-09
11512641,2014-04-06
13314080,2014-05-25
14080051,2014-06-11
14143882,2014-06-13
116767106,2016-12-03
97212033,2016-08-26
97965409,2016-08-29
19361993,2014-09-11
125333982,2017-01-05
108249460,2016-10-15
21337440,2014-10-15
26079102,2015-02-02
114395422,2016-11-18
154396462,2017-05-24
158928909,2017-06-09
170411301,2017-07-15
28290414,2015-03-21
31077348,2015-05-01
126105836,2017-01-09
59201942,2016-01-08
65230253,2016-03-12
103803090,2016-09-24
107857967,2016-10-12
136496529,2017-03-11
227957081,2018-01-17
229550027,2018-01-24
231079371,2018-01-30
159448372,2017-06-11
163245402,2017-06-24
145698785,2017-04-19
198734409,2017-09-30
199600627,2017-10-02
211753475,2017-11-14
213469632,2017-11-21
404727284,2019-01-25
535818586,2019-09-25
234574797,2018-02-13
300077534,2018-08-01
663217514,2020-09-12
356097290,2018-12-07
414627439,2019-02-20
418044610,2019-03-01
770697574,2021-06-15
447216014,2019-05-03
484554140,2019-07-09
345840837,2018-11-06
368587650,2019-01-07
557062146,2019-10-31
401860607461227220,2021-07-08
578880897,2019-12-19
602921691,2020-02-08
619593907,2020-03-18
629190384,2020-06-13
630532975,2020-06-19
631037372,2020-06-21
633249892,2020-06-29
635349329,2020-07-06
636801501,2020-07-11
493245058500175743,2021-11-11
408718432,2019-02-05
641340347,2020-07-23
662551503,2020-09-10
701527645,2020-10-18
386745145926588029,2021-06-17
436022112937894842,2021-08-24
471440220491981552,2021-10-12
524405285681724769,2021-12-24
528806611171614431,2021-12-30
563633440994082279,2022-02-16
579569894793031330,2022-03-10
518635579331519558,2021-12-16
523045423218121127,2021-12-22
540424271391409590,2022-01-15
3970000,2013-03-31
623698635946169559,2022-05-10
514019790,2019-08-20
21891072,2014-10-26
23606367,2014-12-06
879049,2012-01-23
909461,2012-02-08
918363,2012-02-13
1168291,2012-04-23
1421353,2012-06-05
1600894,2012-07-01
1931416,2012-08-09
2115402,2012-08-27
3711935,2013-03-06
4475661,2013-05-07
14351512,2014-06-17
527581210,2019-09-11
77402884,2016-05-31
565988879,2019-11-18
638113125,2020-07-14
706844887,2020-11-06
717097585,2020-12-21
753981653,2021-05-02
410613430285393803,2021-07-20
499126612123231266,2021-11-19
509247129017276790,2021-12-03
541863765952999904,2022-01-17
760875912,2021-05-22
4361381,2013-04-30
528048,2011-09-13
12494596,2014-05-04
346888564,2018-11-10
30806956,2015-04-27
265457385,2018-05-17
1031675,2012-03-22
44588891,2015-08-27
1225285,2012-05-04
1392759,2012-06-01
12264997,2014-04-27
62925541,2016-02-18
385613,2011-07-20
437636,2011-08-11
469565,2011-08-23
1573991,2012-06-27
2121739,2012-08-28
2241118,2012-09-09
9982750,2014-01-23
10323562,2014-02-13
96564165,2016-08-23
612665,2011-10-09
690318,2011-11-03
1126551,2012-04-14
1721325,2012-07-16
210217141,2017-11-08
573521349,2019-12-06
17071519,2014-08-06
94984826,2016-08-17
29009581,2015-04-02
581574638,2019-12-25
40226159,2015-07-29
50858371,2015-10-15
407210611,2019-02-01
415224046,2019-02-22
659617374,2020-09-02
708122612,2020-11-11
709582584,2020-11-17
712186040,2020-11-29
714216036,2020-12-08
715142082,2020-12-13
716757690,2020-12-20
719368175,2020-12-29
730028634,2021-02-09
731016696,2021-02-14
733135854,2021-02-21
733836002,2021-02-23
736219448,2021-03-04
743505888,2021-03-29
749811526,2021-04-18
578571691,2019-12-18
582507659,2019-12-27
620748026,2020-03-24
60185647,2016-01-19
464223740877751553,2021-10-02
521477710309517392,2021-12-20
541073194634842997,2022-01-16
342794,2011-06-29
381153,2011-07-18
519923,2011-09-11
441065494460764760,2021-08-31
526557188473397888,2021-12-27
532440331261528551,2022-01-04
537442068488929460,2022-01-11
564988803170959126,2022-02-18
927149,2012-02-17
1677570,2012-07-10
2062249,2012-08-22
88108110,2016-07-23
42376738,2015-08-13
135095267,2017-03-03
1086081,2012-04-05
57338103,2015-12-24
62021669,2016-02-10
70172060,2016-04-16
615123990,2020-03-07
231706076,2018-02-02
233592656,2018-02-10
443184830722495318,2021-09-03
768789023,2021-06-11
578281,2011-09-28
9437111,2013-12-28
10059178,2014-01-28
10713518,2014-03-04
1098562,2012-04-08
1353690,2012-05-26
45763808,2015-09-06
3854750,2013-03-21
4980388,2013-06-05
5714453,2013-07-13
6926182,2013-08-30
358675453,2018-12-15
10138277,2014-02-02
11247592,2014-03-26
570344175,2019-11-29
23500449,2014-12-02
624286268,2020-05-09
624719489,2020-05-14
25867192,2015-01-27
632525740,2020-06-27
62176575,2016-02-12
673758545,2020-10-12
411345274705511692,2021-07-21
474390945315700663,2021-10-16
514972674714060052,2021-12-11
570833234898179598,2022-02-26
1628664,2012-07-04
2423096,2012-09-26
2500392,2012-10-03
5570685,2013-07-06
387885,2011-07-21
405018,2011-07-29
420241,2011-08-04
490743,2011-08-31
568202,2011-09-26
586051,2011-10-01
666647,2011-10-26
714805,2011-11-13
741890,2011-11-24
931464,2012-02-19
1093730,2012-04-07
1124672,2012-04-13
1308179,2012-05-20
1339968,2012-05-24
42204618,2015-08-11
3278330,2013-01-05
10102137,2014-01-31
24009295,2014-12-16
7795736,2013-10-03
983393,2012-03-09
1073997,2012-04-02
9073293,2013-12-04
9531442,2014-01-01
11423167,2014-04-01
1587489,2012-06-29
2357397,2012-09-20
3005073,2012-12-01
3333614,2013-01-12
3358000,2013-01-16
3425706,2013-01-28
3463953,2013-02-03
3493961,2013-02-07
3543587,2013-02-14
242811088,2018-03-13
1482697,2012-06-14
2994374,2012-11-29
4192486,2013-04-17
3662405,2013-03-01
3680595,2013-03-03
5360532,2013-06-26
8155264,2013-10-18
137533948,2017-03-16
9866913,2014-01-15
10125517,2014-02-01
10370991,2014-02-16
11451181,2014-04-03
197612758,2017-09-26
12457217,2014-05-03
22990935,2014-11-19
27220123,2015-02-28
27445364,2015-03-04
72455641,2016-05-02
86375198,2016-07-16
122388019,2016-12-23
128762205,2017-01-27
622711028,2020-04-19
623527409,2020-05-01
623628787,2020-05-02
624592164,2020-05-12
624806546,2020-05-15
624916184,2020-05-16
625065483,2020-05-17
626402544,2020-05-27
626934224,2020-05-31
628171758,2020-06-07
630058303,2020-06-16
656661713,2020-08-26
659298142,2020-09-01
665598915,2020-09-19
667442616,2020-09-24
671832835,2020-10-06
672323254,2020-10-08
702296757,2020-10-20
2930775,2012-11-20
3306343,2013-01-07
3588773,2013-02-19
3912386,2013-03-26
4034490,2013-04-04
4092138,2013-04-09
4210911,2013-04-19
702473909,2020-10-21
704169761,2020-10-26
705029739,2020-10-30
5800938,2013-07-16
7075277,2013-09-05
8894591,2013-11-24
9393805,2013-12-26
707387768,2020-11-08
710021665,2020-11-20
715849751,2020-12-16
716184085,2020-12-18
721867306,2021-01-04
722308990,2021-01-06
722679826,2021-01-08
723285398,2021-01-10
728692199,2021-02-03
728999645,2021-02-05
731490725,2021-02-15
739621034,2021-03-16
740934382,2021-03-21
741418537,2021-03-22
743013539,2021-03-28
744576563,2021-04-02
746346619,2021-04-06
750910066,2021-04-22
752347825,2021-04-26
755537890,2021-05-06
760583260,2021-05-21
765862349,2021-06-03
393180627465185473,2021-06-26
395373505292726327,2021-06-29
528090558212580700,2021-12-29
535283044585832015,2022-01-08
573040418406402654,2022-03-01
10213830,2014-02-06
4283657,2013-04-24
15265219,2014-07-06
22500314,2014-11-08
24582046,2014-12-31
26502457,2015-02-14
1537265,2012-06-22
1569840,2012-06-26
1619684,2012-07-03
43848286,2015-08-22
2163991,2012-09-01
2223558,2012-09-07
2527468,2012-10-07
2629848,2012-10-16
2800030,2012-11-04
3053429,2012-12-09
3487069,2013-02-06
3505234,2013-02-09
3770872,2013-03-13
4123829,2013-04-12
8468542,2013-11-01
8976741,2013-11-30
56319276,2015-12-12
57654751,2015-12-28
71675245,2016-04-27
9315198,2013-12-21
10446603,2014-02-19
10491227,2014-02-22
11482004,2014-04-05
115643374,2016-11-26
266082818,2018-05-19
23859356,2014-12-13
24351983,2014-12-27
25440571,2015-01-16
25628305,2015-01-21
25900650,2015-01-29
25980412,2015-01-31
523795987,2019-09-04
582078893,2019-12-26
623140046,2020-04-26
627271486,2020-06-01
751766768,2021-04-25
760053812,2021-05-19
64991348,2016-03-09
120057421,2016-12-07
656872419,2020-08-27
667706080,2020-09-25
669337465,2020-09-29
672508637,2020-10-09
702046043,2020-10-19
7619093,2013-09-27
3141384,2012-12-23
3797966,2013-03-16
226711466,2018-01-12
222993755,2017-12-31
632230935,2020-06-26
668980652,2020-09-28
750249540,2021-04-19
16810213,2014-08-02
563222746,2019-11-12
703163160,2020-10-24
533145970852939365,2022-01-05
539625816102671968,2022-01-14
47535892,2015-09-20
3211585,2013-01-01
132482802,2017-02-18
1105022,2012-04-10
1290613,2012-05-16
1306310,2012-05-19
1345688,2012-05-25
1733386,2012-07-17
2080923,2012-08-24
2150023,2012-08-31
2502979,2012-10-04
2601944,2012-10-14
2694917,2012-10-23
2900610,2012-11-17
3326243,2013-01-11
3723817,2013-03-08
3877282,2013-03-24
4756563,2013-05-24
531645130379519779,2022-01-03
6043887,2013-07-28
8857791,2013-11-22
9231652,2013-12-15
23836223,2014-12-12
53807147,2015-11-13
607613715,2020-02-18
636751658919295918,2022-05-28
1253642,2012-05-09
1383805,2012-05-30
1749734,2012-07-19
2908368,2012-11-18
3547935,2013-02-15
6955178,2013-09-01
9304608,2013-12-20
9816727,2014-01-12
10775957,2014-03-07
23073800,2014-11-22
23535955,2014-12-03
2657256,2012-10-19
3400382,2013-01-23
53744793,2015-11-12
4623209,2013-05-16
56780287,2015-12-18
10307453,2014-02-12
241205253,2018-03-08
703663904,2020-10-25
716015737,2020-12-17
729464773,2021-02-07
641047743818431357,2022-06-03
591472463,2020-01-11
747005748,2021-04-09
747330828,2021-04-10
748814614,2021-04-15
749054876,2021-04-16
752967341,2021-04-29
756997367,2021-05-10
757265975,2021-05-11
757957508,2021-05-14
758296187,2021-05-15
765591009,2021-06-02
768268615,2021-06-09
387401467587422691,2021-06-18
391006974801793612,2021-06-23
391739413468341554,2021-06-24
662329427,2020-09-09
517162541092424763,2021-12-14
536764748321388500,2022-01-10
538245297859759872,2022-01-12
544004210222359846,2022-01-20
544703735833937176,2022-01-21
546854007575532572,2022-01-24
548403901437469513,2022-01-26
549762824630774695,2022-01-28
550473320143313681,2022-01-29
551970654311224134,2022-01-31
552716318965445806,2022-02-01
559900533044939335,2022-02-11
402662988,2019-01-19
768054352,2021-06-08
626748907,2020-05-30
734216980,2021-02-25
745326850,2021-04-04
557820422521603486,2022-02-08
1710574,2012-07-15
523763010611653593,2021-12-23
2845477,2012-11-09
3162660,2012-12-27
1259485,2012-05-10
1500469,2012-06-17
1972467,2012-08-13
10760246,2014-03-06
74047646,2016-05-12
208875077,2017-11-03
8205443,2013-10-20
351258401,2018-11-22
2988117,2012-11-28
3089121,2012-12-14
623410938,2020-04-30
9414962,2013-12-27
720765426,2021-01-02
646588549,2020-08-04
461348129828515384,2021-09-28
1652708,2012-07-07
1811899,2012-07-27
2140762,2012-08-30
114158991,2016-11-16
405086252,2019-01-26
706382239,2020-11-03
2997497,2012-11-30
619790722,2020-03-19
10026243,2014-01-26
706678224,2020-11-05
9199611,2013-12-13
1638038,2012-07-05
1912920,2012-08-07
712822019,2020-12-01
64749757,2016-03-07
653683817,2020-08-20
708000236,2020-11-10
710481505,2020-11-22
714677592,2020-12-11
721364877,2021-01-03
28653644,2015-03-28
3315897,2013-01-09
56859678,2015-12-19
1824233,2012-07-28
2875310,2012-11-13
3112789,2012-12-18
708292668,2020-11-12
715514202,2020-12-14
717327907,2020-12-22
720000219,2020-12-31
723981237,2021-01-13
725465636,2021-01-19
726390814,2021-01-24
390293511139095492,2021-06-22
462037545847057166,2021-09-29
497596754780335306,2021-11-17
517878862810175622,2021-12-15
635630933,2020-07-07
672853465,2020-10-10
762982985,2021-05-27
2962329,2012-11-25
9971557,2014-01-22
25662561,2015-01-22
2030480,2012-08-19
728832751,2021-02-04
633514543,2020-06-30
767728355,2021-06-07
733624760,2021-02-22
751157372,2021-04-23
660471190,2020-09-05
396795387105392539,2021-07-01
26133812,2015-02-04
625210288,2020-05-18
702877907,2020-10-23
718283861,2020-12-26
2350113,2012-09-19
3597392,2013-02-20
9159289,2013-12-10
10078049,2014-01-29
630174302,2020-06-17
662805726,2020-09-11
667972664,2020-09-26
700587983,2020-10-15
701115264,2020-10-17
704801990,2020-10-29
711078619,2020-11-24
713705415,2020-12-06
714364703,2020-12-09
722121055,2021-01-05
722944292,2021-01-09
725598592,2021-01-20
727612587,2021-01-30
734029625,2021-02-24
736691629,2021-03-06
743756225,2021-03-30
748647722,2021-04-14
769177890,2021-06-12
704392505,2020-10-27
3094215,2012-12-15
3099940,2012-12-16
707787663,2020-11-09
757479262,2021-05-12
704566409,2020-10-28
3719046,2013-03-07
631969345,2020-06-25
720328973,2021-01-01
731898162,2021-02-16
708916471,2020-11-15
709705108,2020-11-18
724786320,2021-01-17
54967167,2015-11-26
60380511,2016-01-23
762760148,2021-05-26
623067236,2020-04-25
714849891,2020-12-12
65483350,2016-03-14
700137147,2020-10-13
714503429,2020-12-10
722519950,2021-01-07
724320258,2021-01-15
725938457,2021-01-22
736425460,2021-03-05
738264057,2021-03-12
740521143,2021-03-20
765295944,2021-06-01
547647455165232535,2022-01-25
620621594,2020-03-23
621217989,2020-03-29
622267290,2020-04-12
626098213,2020-05-25
706110456,2020-11-02
707085427,2020-11-07
717814574,2020-12-24
718621820,2020-12-27
719055387,2020-12-28
719614353,2020-12-30
723827904,2021-01-12
724536296,2021-01-16
726114595,2021-01-23
727276857,2021-01-28
732836378,2021-02-20
737475827,2021-03-08
738481593,2021-03-13
740218518,2021-03-19
742609717,2021-03-27
744279603,2021-04-01
744884239,2021-04-03
746563235,2021-04-07
749357001,2021-04-17
752786378,2021-04-28
755731250,2021-05-07
756028971,2021-05-08
759804226,2021-05-18
760258181,2021-05-20
768503578,2021-06-10
525212265217387388,2021-12-25
730474606,2021-02-12
624393243,2020-05-10
715701741,2020-12-15
59753007,2016-01-15
67316447,2016-03-28
726759719,2021-01-25
620411047,2020-03-22
622896777,2020-04-22
623231816,2020-04-27
623754401,2020-05-03
624080169,2020-05-06
624206876,2020-05-08
626306016,2020-05-26
626504230,2020-05-28
700333876,2020-10-14
709348961,2020-11-16
710199410,2020-11-21
718051596,2020-12-25
9195210,2013-12-12
753573979,2021-05-01
3374539,2013-01-19
624650714,2020-05-13
624009669,2020-05-05
624512340,2020-05-11
625714548,2020-05-23
763634741,2021-05-29
664572432,2020-09-15
627438678,2020-06-02
41302935,2015-08-06
620209255,2020-03-21
621960762,2020-04-07
622949766,2020-04-23
730714767,2021-02-13
734724687,2021-02-27
57379086,2015-12-25
622795344,2020-04-20
729826275,2021-02-08
625310514,2020-05-19
708435330,2020-11-13
712952937,2020-12-02
738051952,2021-03-11
739347383,2021-03-15
742066904,2021-03-25
705344627,2020-10-31
542588992567523570,2022-01-18
622506298,2020-04-16
621590737,2020-04-02
627644138,2020-06-04
58749586,2016-01-04
741697432,2021-03-23
741880797,2021-03-24
742287142,2021-03-26
748205828,2021-04-12
713077800,2020-12-03
750521319,2021-04-20
711588016,2020-11-27
732350287,2021-02-18
713411735,2020-12-05
726987503,2021-01-26
736028978,2021-03-03
672032869,2020-10-07
725156703,2021-01-18
754988491,2021-05-04
706549997,2020-11-04
727125709,2021-01-27
624137554,2020-05-07
66308553,2016-03-21
622627678,2020-04-18
714026819,2020-12-07
622010833,2020-04-08
748443255,2021-04-13
739799440,2021-03-17
622454117,2020-04-15
621523842,2020-04-01
55338259,2015-11-30
621325492,2020-03-30
710884983,2020-11-23
711414022,2020-11-26
723618413,2021-01-11
622407807,2020-04-14
622556801,2020-04-17
623911562,2020-05-04
735898894,2021-03-02
727441171,2021-01-29
737707044,2021-03-09
623004577,2020-04-24
622185137,2020-04-11
737864711,2021-03-10
732139395,2021-02-17
728542354,2021-02-02
621821047,2020-04-05
625479007,2020-05-21
709858929,2020-11-19
623339501,2020-04-29
740010098,2021-03-18
620919604,2020-03-26
730311631,2021-02-11
622117584,2020-04-10
622343329,2020-04-13
622849930,2020-04-21
621723774,2020-04-04
725760800,2021-01-21
623290833,2020-04-28
